,pokedex_number,name,generation,type1,type2,classfication,is_legendary,attack,sp_attack,defense,sp_defense,hp,speed,base_total,height_m,weight_kg,percentage_male,capture_rate,experience_growth,against_bug,against_dark,against_dragon,against_electric,against_fairy,against_fight,against_fire,against_flying,against_ghost,against_grass,against_ground,against_ice,against_normal,against_poison,against_psychic,against_rock,against_steel,against_water
3,4,Charmander,1,Fire,,Lizard Pokémon,0,52,60,43,50,39,65,309,0.6,8.5,88.1,45,1059860,0.5,1.0,1.0,1.0,0.5,1.0,0.5,1.0,1.0,0.5,2.0,0.5,1.0,1.0,1.0,2.0,0.5,2.0
4,5,Charmeleon,1,Fire,,Flame Pokémon,0,64,80,58,65,58,80,405,1.1,19.0,88.1,45,1059860,0.5,1.0,1.0,1.0,0.5,1.0,0.5,1.0,1.0,0.5,2.0,0.5,1.0,1.0,1.0,2.0,0.5,2.0
6,7,Squirtle,1,Water,,Tiny Turtle Pokémon,0,48,50,65,64,44,43,314,0.5,9.0,88.1,45,1059860,1.0,1.0,1.0,2.0,1.0,1.0,0.5,1.0,1.0,2.0,1.0,0.5,1.0,1.0,1.0,1.0,0.5,0.5
7,8,Wartortle,1,Water,,Turtle Pokémon,0,63,65,80,80,59,58,405,1.0,22.5,88.1,45,1059860,1.0,1.0,1.0,2.0,1.0,1.0,0.5,1.0,1.0,2.0,1.0,0.5,1.0,1.0,1.0,1.0,0.5,0.5
8,9,Blastoise,1,Water,,Shellfish Pokémon,0,103,135,120,115,79,78,630,1.6,85.5,88.1,45,1059860,1.0,1.0,1.0,2.0,1.0,1.0,0.5,1.0,1.0,2.0,1.0,0.5,1.0,1.0,1.0,1.0,0.5,0.5
9,10,Caterpie,1,Bug,,Worm Pokémon,0,30,20,35,20,45,45,195,0.3,2.9,50.0,255,1000000,1.0,1.0,1.0,1.0,1.0,0.5,2.0,2.0,1.0,0.5,0.5,1.0,1.0,1.0,1.0,2.0,1.0,1.0
10,11,Metapod,1,Bug,,Cocoon Pokémon,0,20,25,55,25,50,30,205,0.7,9.9,50.0,120,1000000,1.0,1.0,1.0,1.0,1.0,0.5,2.0,2.0,1.0,0.5,0.5,1.0,1.0,1.0,1.0,2.0,1.0,1.0
22,23,Ekans,1,Poison,,Snake Pokémon,0,60,40,44,54,35,55,288,2.0,6.9,50.0,255,1000000,0.5,1.0,1.0,1.0,0.5,0.5,1.0,1.0,1.0,0.5,2.0,1.0,1.0,0.5,2.0,1.0,1.0,1.0
23,24,Arbok,1,Poison,,Cobra Pokémon,0,95,65,69,79,60,80,448,3.5,65.0,50.0,90,1000000,0.5,1.0,1.0,1.0,0.5,0.5,1.0,1.0,1.0,0.5,2.0,1.0,1.0,0.5,2.0,1.0,1.0,1.0
24,25,Pikachu,1,Electric,,Mouse Pokémon,0,55,50,40,50,35,90,320,0.4,6.0,50.0,190,1000000,1.0,1.0,1.0,0.5,1.0,1.0,1.0,0.5,1.0,1.0,2.0,1.0,1.0,1.0,1.0,1.0,0.5,1.0
28,29,Nidoran♀,1,Poison,,Poison Pin Pokémon,0,47,40,52,40,55,41,275,0.4,7.0,0.0,235,1059860,0.5,1.0,1.0,1.0,0.5,0.5,1.0,1.0,1.0,0.5,2.0,1.0,1.0,0.5,2.0,1.0,1.0,1.0
29,30,Nidorina,1,Poison,,Poison Pin Pokémon,0,62,55,67,55,70,56,365,0.8,20.0,0.0,120,1059860,0.5,1.0,1.0,1.0,0.5,0.5,1.0,1.0,1.0,0.5,2.0,1.0,1.0,0.5,2.0,1.0,1.0,1.0
31,32,Nidoran♂,1,Poison,,Poison Pin Pokémon,0,57,40,40,40,46,50,273,0.5,9.0,100.0,235,1059860,0.5,1.0,1.0,1.0,0.5,0.5,1.0,1.0,1.0,0.5,2.0,1.0,1.0,0.5,2.0,1.0,1.0,1.0
32,33,Nidorino,1,Poison,,Poison Pin Pokémon,0,72,55,57,55,61,65,365,0.9,19.5,100.0,120,1059860,0.5,1.0,1.0,1.0,0.5,0.5,1.0,1.0,1.0,0.5,2.0,1.0,1.0,0.5,2.0,1.0,1.0,1.0
34,35,Clefairy,1,Fairy,,Fairy Pokémon,0,45,60,48,65,70,35,323,0.6,7.5,24.6,150,800000,0.5,0.5,0.0,1.0,1.0,0.5,1.0,1.0,1.0,1.0,1.0,1.0,1.0,2.0,1.0,1.0,2.0,1.0
35,36,Clefable,1,Fairy,,Fairy Pokémon,0,70,95,73,90,95,60,483,1.3,40.0,24.6,25,800000,0.5,0.5,0.0,1.0,1.0,0.5,1.0,1.0,1.0,1.0,1.0,1.0,1.0,2.0,1.0,1.0,2.0,1.0
53,54,Psyduck,1,Water,,Duck Pokémon,0,52,65,48,50,50,55,320,0.8,19.6,50.0,190,1000000,1.0,1.0,1.0,2.0,1.0,1.0,0.5,1.0,1.0,2.0,1.0,0.5,1.0,1.0,1.0,1.0,0.5,0.5
54,55,Golduck,1,Water,,Duck Pokémon,0,82,95,78,80,80,85,500,1.7,76.6,50.0,75,1000000,1.0,1.0,1.0,2.0,1.0,1.0,0.5,1.0,1.0,2.0,1.0,0.5,1.0,1.0,1.0,1.0,0.5,0.5
55,56,Mankey,1,Fighting,,Pig Monkey Pokémon,0,80,35,35,45,40,70,305,0.5,28.0,50.0,190,1000000,0.5,0.5,1.0,1.0,2.0,1.0,1.0,2.0,1.0,1.0,1.0,1.0,1.0,1.0,2.0,0.5,1.0,1.0
56,57,Primeape,1,Fighting,,Pig Monkey Pokémon,0,105,60,60,70,65,95,455,1.0,32.0,50.0,75,1000000,0.5,0.5,1.0,1.0,2.0,1.0,1.0,2.0,1.0,1.0,1.0,1.0,1.0,1.0,2.0,0.5,1.0,1.0
57,58,Growlithe,1,Fire,,Puppy Pokémon,0,70,70,45,50,55,60,350,0.7,19.0,75.4,190,1250000,0.5,1.0,1.0,1.0,0.5,1.0,0.5,1.0,1.0,0.5,2.0,0.5,1.0,1.0,1.0,2.0,0.5,2.0
58,59,Arcanine,1,Fire,,Legendary Pokémon,0,110,100,80,80,90,95,555,1.9,155.0,75.4,75,1250000,0.5,1.0,1.0,1.0,0.5,1.0,0.5,1.0,1.0,0.5,2.0,0.5,1.0,1.0,1.0,2.0,0.5,2.0
59,60,Poliwag,1,Water,,Tadpole Pokémon,0,50,40,40,40,40,90,300,0.6,12.4,50.0,255,1059860,1.0,1.0,1.0,2.0,1.0,1.0,0.5,1.0,1.0,2.0,1.0,0.5,1.0,1.0,1.0,1.0,0.5,0.5
60,61,Poliwhirl,1,Water,,Tadpole Pokémon,0,65,50,65,50,65,90,385,1.0,20.0,50.0,120,1059860,1.0,1.0,1.0,2.0,1.0,1.0,0.5,1.0,1.0,2.0,1.0,0.5,1.0,1.0,1.0,1.0,0.5,0.5
62,63,Abra,1,Psychic,,Psi Pokémon,0,20,105,15,55,25,90,310,0.9,19.5,75.4,200,1059860,2.0,2.0,1.0,1.0,1.0,0.5,1.0,1.0,2.0,1.0,1.0,1.0,1.0,1.0,0.5,1.0,1.0,1.0
63,64,Kadabra,1,Psychic,,Psi Pokémon,0,35,120,30,70,40,105,400,1.3,56.5,75.4,100,1059860,2.0,2.0,1.0,1.0,1.0,0.5,1.0,1.0,2.0,1.0,1.0,1.0,1.0,1.0,0.5,1.0,1.0,1.0
64,65,Alakazam,1,Psychic,,Psi Pokémon,0,50,175,65,105,55,150,600,1.5,48.0,75.4,50,1059860,2.0,2.0,1.0,1.0,1.0,0.5,1.0,1.0,2.0,1.0,1.0,1.0,1.0,1.0,0.5,1.0,1.0,1.0
65,66,Machop,1,Fighting,,Superpower Pokémon,0,80,35,50,35,70,35,305,0.8,19.5,75.4,180,1059860,0.5,0.5,1.0,1.0,2.0,1.0,1.0,2.0,1.0,1.0,1.0,1.0,1.0,1.0,2.0,0.5,1.0,1.0
66,67,Machoke,1,Fighting,,Superpower Pokémon,0,100,50,70,60,80,45,405,1.5,70.5,75.4,90,1059860,0.5,0.5,1.0,1.0,2.0,1.0,1.0,2.0,1.0,1.0,1.0,1.0,1.0,1.0,2.0,0.5,1.0,1.0
67,68,Machamp,1,Fighting,,Superpower Pokémon,0,130,65,80,85,90,55,505,1.6,130.0,75.4,45,1059860,0.5,0.5,1.0,1.0,2.0,1.0,1.0,2.0,1.0,1.0,1.0,1.0,1.0,1.0,2.0,0.5,1.0,1.0
76,77,Ponyta,1,Fire,,Fire Horse Pokémon,0,85,65,55,65,50,90,410,1.0,30.0,50.0,190,1000000,0.5,1.0,1.0,1.0,0.5,1.0,0.5,1.0,1.0,0.5,2.0,0.5,1.0,1.0,1.0,2.0,0.5,2.0
77,78,Rapidash,1,Fire,,Fire Horse Pokémon,0,100,80,70,80,65,105,500,1.7,95.0,50.0,60,1000000,0.5,1.0,1.0,1.0,0.5,1.0,0.5,1.0,1.0,0.5,2.0,0.5,1.0,1.0,1.0,2.0,0.5,2.0
85,86,Seel,1,Water,,Sea Lion Pokémon,0,45,45,55,70,65,45,325,1.1,90.0,50.0,190,1000000,1.0,1.0,1.0,2.0,1.0,1.0,0.5,1.0,1.0,2.0,1.0,0.5,1.0,1.0,1.0,1.0,0.5,0.5
89,90,Shellder,1,Water,,Bivalve Pokémon,0,65,45,100,25,30,40,305,0.3,4.0,50.0,190,1250000,1.0,1.0,1.0,2.0,1.0,1.0,0.5,1.0,1.0,2.0,1.0,0.5,1.0,1.0,1.0,1.0,0.5,0.5
95,96,Drowzee,1,Psychic,,Hypnosis Pokémon,0,48,43,45,90,60,42,328,1.0,32.4,50.0,190,1000000,2.0,2.0,1.0,1.0,1.0,0.5,1.0,1.0,2.0,1.0,1.0,1.0,1.0,1.0,0.5,1.0,1.0,1.0
96,97,Hypno,1,Psychic,,Hypnosis Pokémon,0,73,73,70,115,85,67,483,1.6,75.6,50.0,75,1000000,2.0,2.0,1.0,1.0,1.0,0.5,1.0,1.0,2.0,1.0,1.0,1.0,1.0,1.0,0.5,1.0,1.0,1.0
97,98,Krabby,1,Water,,River Crab Pokémon,0,105,25,90,25,30,50,325,0.4,6.5,50.0,225,1000000,1.0,1.0,1.0,2.0,1.0,1.0,0.5,1.0,1.0,2.0,1.0,0.5,1.0,1.0,1.0,1.0,0.5,0.5
98,99,Kingler,1,Water,,Pincer Pokémon,0,130,50,115,50,55,75,475,1.3,60.0,50.0,60,1000000,1.0,1.0,1.0,2.0,1.0,1.0,0.5,1.0,1.0,2.0,1.0,0.5,1.0,1.0,1.0,1.0,0.5,0.5
99,100,Voltorb,1,Electric,,Ball Pokémon,0,30,55,50,55,40,100,330,0.5,10.4,,190,1000000,1.0,1.0,1.0,0.5,1.0,1.0,1.0,0.5,1.0,1.0,2.0,1.0,1.0,1.0,1.0,1.0,0.5,1.0
100,101,Electrode,1,Electric,,Ball Pokémon,0,50,80,70,80,60,150,490,1.2,66.6,,60,1000000,1.0,1.0,1.0,0.5,1.0,1.0,1.0,0.5,1.0,1.0,2.0,1.0,1.0,1.0,1.0,1.0,0.5,1.0
103,104,Cubone,1,Ground,,Lonely Pokémon,0,50,40,95,50,50,35,320,0.4,6.5,50.0,190,1000000,1.0,1.0,1.0,0.0,1.0,1.0,1.0,1.0,1.0,2.0,1.0,2.0,1.0,0.5,1.0,0.5,1.0,2.0
105,106,Hitmonlee,1,Fighting,,Kicking Pokémon,0,120,35,53,110,50,87,455,1.5,49.8,100.0,45,1000000,0.5,0.5,1.0,1.0,2.0,1.0,1.0,2.0,1.0,1.0,1.0,1.0,1.0,1.0,2.0,0.5,1.0,1.0
106,107,Hitmonchan,1,Fighting,,Punching Pokémon,0,105,35,79,110,50,76,455,1.4,50.2,100.0,45,1000000,0.5,0.5,1.0,1.0,2.0,1.0,1.0,2.0,1.0,1.0,1.0,1.0,1.0,1.0,2.0,0.5,1.0,1.0
107,108,Lickitung,1,Normal,,Licking Pokémon,0,55,60,75,75,90,30,385,1.2,65.5,50.0,45,1000000,1.0,1.0,1.0,1.0,1.0,2.0,1.0,1.0,0.0,1.0,1.0,1.0,1.0,1.0,1.0,1.0,1.0,1.0
108,109,Koffing,1,Poison,,Poison Gas Pokémon,0,65,60,95,45,40,35,340,0.6,1.0,50.0,190,1000000,0.5,1.0,1.0,1.0,0.5,0.5,1.0,1.0,1.0,0.5,2.0,1.0,1.0,0.5,2.0,1.0,1.0,1.0
109,110,Weezing,1,Poison,,Poison Gas Pokémon,0,90,85,120,70,65,60,490,1.2,9.5,50.0,60,1000000,0.5,1.0,1.0,1.0,0.5,0.5,1.0,1.0,1.0,0.5,2.0,1.0,1.0,0.5,2.0,1.0,1.0,1.0
112,113,Chansey,1,Normal,,Egg Pokémon,0,5,35,5,105,250,50,450,1.1,34.6,0.0,30,800000,1.0,1.0,1.0,1.0,1.0,2.0,1.0,1.0,0.0,1.0,1.0,1.0,1.0,1.0,1.0,1.0,1.0,1.0
113,114,Tangela,1,Grass,,Vine Pokémon,0,55,100,115,40,65,60,435,1.0,35.0,50.0,45,1000000,2.0,1.0,1.0,0.5,1.0,1.0,2.0,2.0,1.0,0.5,0.5,2.0,1.0,2.0,1.0,1.0,1.0,0.5
114,115,Kangaskhan,1,Normal,,Parent Pokémon,0,125,60,100,100,105,100,590,2.2,80.0,0.0,45,1000000,1.0,1.0,1.0,1.0,1.0,2.0,1.0,1.0,0.0,1.0,1.0,1.0,1.0,1.0,1.0,1.0,1.0,1.0
115,116,Horsea,1,Water,,Dragon Pokémon,0,40,70,70,25,30,60,295,0.4,8.0,50.0,225,1000000,1.0,1.0,1.0,2.0,1.0,1.0,0.5,1.0,1.0,2.0,1.0,0.5,1.0,1.0,1.0,1.0,0.5,0.5
116,117,Seadra,1,Water,,Dragon Pokémon,0,65,95,95,45,55,85,440,1.2,25.0,50.0,75,1000000,1.0,1.0,1.0,2.0,1.0,1.0,0.5,1.0,1.0,2.0,1.0,0.5,1.0,1.0,1.0,1.0,0.5,0.5
117,118,Goldeen,1,Water,,Goldfish Pokémon,0,67,35,60,50,45,63,320,0.6,15.0,50.0,225,1000000,1.0,1.0,1.0,2.0,1.0,1.0,0.5,1.0,1.0,2.0,1.0,0.5,1.0,1.0,1.0,1.0,0.5,0.5
118,119,Seaking,1,Water,,Goldfish Pokémon,0,92,65,65,80,80,68,450,1.3,39.0,50.0,60,1000000,1.0,1.0,1.0,2.0,1.0,1.0,0.5,1.0,1.0,2.0,1.0,0.5,1.0,1.0,1.0,1.0,0.5,0.5
119,120,Staryu,1,Water,,Starshape Pokémon,0,45,70,55,55,30,85,340,0.8,34.5,,225,1250000,1.0,1.0,1.0,2.0,1.0,1.0,0.5,1.0,1.0,2.0,1.0,0.5,1.0,1.0,1.0,1.0,0.5,0.5
124,125,Electabuzz,1,Electric,,Electric Pokémon,0,83,95,57,85,65,105,490,1.1,30.0,75.4,45,1000000,1.0,1.0,1.0,0.5,1.0,1.0,1.0,0.5,1.0,1.0,2.0,1.0,1.0,1.0,1.0,1.0,0.5,1.0
125,126,Magmar,1,Fire,,Spitfire Pokémon,0,95,100,57,85,65,93,495,1.3,44.5,75.4,45,1000000,0.5,1.0,1.0,1.0,0.5,1.0,0.5,1.0,1.0,0.5,2.0,0.5,1.0,1.0,1.0,2.0,0.5,2.0
126,127,Pinsir,1,Bug,,Stagbeetle Pokémon,0,155,65,120,90,65,105,600,1.5,55.0,50.0,45,1250000,1.0,1.0,1.0,1.0,1.0,0.5,2.0,2.0,1.0,0.5,0.5,1.0,1.0,1.0,1.0,2.0,1.0,1.0
127,128,Tauros,1,Normal,,Wild Bull Pokémon,0,100,40,95,70,75,110,490,1.4,88.4,100.0,45,1250000,1.0,1.0,1.0,1.0,1.0,2.0,1.0,1.0,0.0,1.0,1.0,1.0,1.0,1.0,1.0,1.0,1.0,1.0
128,129,Magikarp,1,Water,,Fish Pokémon,0,10,15,55,20,20,80,200,0.9,10.0,50.0,255,1250000,1.0,1.0,1.0,2.0,1.0,1.0,0.5,1.0,1.0,2.0,1.0,0.5,1.0,1.0,1.0,1.0,0.5,0.5
131,132,Ditto,1,Normal,,Transform Pokémon,0,48,48,48,48,48,48,288,0.3,4.0,,35,1000000,1.0,1.0,1.0,1.0,1.0,2.0,1.0,1.0,0.0,1.0,1.0,1.0,1.0,1.0,1.0,1.0,1.0,1.0
132,133,Eevee,1,Normal,,Evolution Pokémon,0,55,45,50,65,55,55,325,0.3,6.5,88.1,45,1000000,1.0,1.0,1.0,1.0,1.0,2.0,1.0,1.0,0.0,1.0,1.0,1.0,1.0,1.0,1.0,1.0,1.0,1.0
133,134,Vaporeon,1,Water,,Bubble Jet Pokémon,0,65,110,60,95,130,65,525,1.0,29.0,88.1,45,1000000,1.0,1.0,1.0,2.0,1.0,1.0,0.5,1.0,1.0,2.0,1.0,0.5,1.0,1.0,1.0,1.0,0.5,0.5
134,135,Jolteon,1,Electric,,Lightning Pokémon,0,65,110,60,95,65,130,525,0.8,24.5,88.1,45,1000000,1.0,1.0,1.0,0.5,1.0,1.0,1.0,0.5,1.0,1.0,2.0,1.0,1.0,1.0,1.0,1.0,0.5,1.0
135,136,Flareon,1,Fire,,Flame Pokémon,0,130,95,60,110,65,65,525,0.9,25.0,88.1,45,1000000,0.5,1.0,1.0,1.0,0.5,1.0,0.5,1.0,1.0,0.5,2.0,0.5,1.0,1.0,1.0,2.0,0.5,2.0
136,137,Porygon,1,Normal,,Virtual Pokémon,0,60,85,70,75,65,40,395,0.8,36.5,,45,1000000,1.0,1.0,1.0,1.0,1.0,2.0,1.0,1.0,0.0,1.0,1.0,1.0,1.0,1.0,1.0,1.0,1.0,1.0
142,143,Snorlax,1,Normal,,Sleeping Pokémon,0,110,65,65,110,160,30,540,2.1,460.0,88.1,25,1250000,1.0,1.0,1.0,1.0,1.0,2.0,1.0,1.0,0.0,1.0,1.0,1.0,1.0,1.0,1.0,1.0,1.0,1.0
146,147,Dratini,1,Dragon,,Dragon Pokémon,0,64,50,45,50,41,50,300,1.8,3.3,50.0,45,1250000,1.0,1.0,2.0,0.5,2.0,1.0,0.5,1.0,1.0,0.5,1.0,2.0,1.0,1.0,1.0,1.0,1.0,0.5
147,148,Dragonair,1,Dragon,,Dragon Pokémon,0,84,70,65,70,61,70,420,4.0,16.5,50.0,45,1250000,1.0,1.0,2.0,0.5,2.0,1.0,0.5,1.0,1.0,0.5,1.0,2.0,1.0,1.0,1.0,1.0,1.0,0.5
149,150,Mewtwo,1,Psychic,,Genetic Pokémon,1,150,194,70,120,106,140,780,2.0,122.0,,3,1250000,2.0,2.0,1.0,1.0,1.0,0.5,1.0,1.0,2.0,1.0,1.0,1.0,1.0,1.0,0.5,1.0,1.0,1.0
150,151,Mew,1,Psychic,,New Species Pokémon,1,100,100,100,100,100,100,600,0.4,4.0,,45,1059860,2.0,2.0,1.0,1.0,1.0,0.5,1.0,1.0,2.0,1.0,1.0,1.0,1.0,1.0,0.5,1.0,1.0,1.0
151,152,Chikorita,2,Grass,,Leaf Pokémon,0,49,49,65,65,45,45,318,0.9,6.4,88.1,45,1059860,2.0,1.0,1.0,0.5,1.0,1.0,2.0,2.0,1.0,0.5,0.5,2.0,1.0,2.0,1.0,1.0,1.0,0.5
152,153,Bayleef,2,Grass,,Leaf Pokémon,0,62,63,80,80,60,60,405,1.2,15.8,88.1,45,1059860,2.0,1.0,1.0,0.5,1.0,1.0,2.0,2.0,1.0,0.5,0.5,2.0,1.0,2.0,1.0,1.0,1.0,0.5
153,154,Meganium,2,Grass,,Herb Pokémon,0,82,83,100,100,80,80,525,1.8,100.5,88.1,45,1059860,2.0,1.0,1.0,0.5,1.0,1.0,2.0,2.0,1.0,0.5,0.5,2.0,1.0,2.0,1.0,1.0,1.0,0.5
154,155,Cyndaquil,2,Fire,,Fire Mouse Pokémon,0,52,60,43,50,39,65,309,0.5,7.9,88.1,45,1059860,0.5,1.0,1.0,1.0,0.5,1.0,0.5,1.0,1.0,0.5,2.0,0.5,1.0,1.0,1.0,2.0,0.5,2.0
155,156,Quilava,2,Fire,,Volcano Pokémon,0,64,80,58,65,58,80,405,0.9,19.0,88.1,45,1059860,0.5,1.0,1.0,1.0,0.5,1.0,0.5,1.0,1.0,0.5,2.0,0.5,1.0,1.0,1.0,2.0,0.5,2.0
156,157,Typhlosion,2,Fire,,Volcano Pokémon,0,84,109,78,85,78,100,534,1.7,79.5,88.1,45,1059860,0.5,1.0,1.0,1.0,0.5,1.0,0.5,1.0,1.0,0.5,2.0,0.5,1.0,1.0,1.0,2.0,0.5,2.0
157,158,Totodile,2,Water,,Big Jaw Pokémon,0,65,44,64,48,50,43,314,0.6,9.5,88.1,45,1059860,1.0,1.0,1.0,2.0,1.0,1.0,0.5,1.0,1.0,2.0,1.0,0.5,1.0,1.0,1.0,1.0,0.5,0.5
158,159,Croconaw,2,Water,,Big Jaw Pokémon,0,80,59,80,63,65,58,405,1.1,25.0,88.1,45,1059860,1.0,1.0,1.0,2.0,1.0,1.0,0.5,1.0,1.0,2.0,1.0,0.5,1.0,1.0,1.0,1.0,0.5,0.5
159,160,Feraligatr,2,Water,,Big Jaw Pokémon,0,105,79,100,83,85,78,530,2.3,88.8,88.1,45,1059860,1.0,1.0,1.0,2.0,1.0,1.0,0.5,1.0,1.0,2.0,1.0,0.5,1.0,1.0,1.0,1.0,0.5,0.5
160,161,Sentret,2,Normal,,Scout Pokémon,0,46,35,34,45,35,20,215,0.8,6.0,50.0,255,1000000,1.0,1.0,1.0,1.0,1.0,2.0,1.0,1.0,0.0,1.0,1.0,1.0,1.0,1.0,1.0,1.0,1.0,1.0
161,162,Furret,2,Normal,,Long Body Pokémon,0,76,45,64,55,85,90,415,1.8,32.5,50.0,90,1000000,1.0,1.0,1.0,1.0,1.0,2.0,1.0,1.0,0.0,1.0,1.0,1.0,1.0,1.0,1.0,1.0,1.0,1.0
171,172,Pichu,2,Electric,,Tiny Mouse Pokémon,0,40,35,15,35,20,60,205,0.3,2.0,50.0,190,1000000,1.0,1.0,1.0,0.5,1.0,1.0,1.0,0.5,1.0,1.0,2.0,1.0,1.0,1.0,1.0,1.0,0.5,1.0
172,173,Cleffa,2,Fairy,,Star Shape Pokémon,0,25,45,28,55,50,15,218,0.3,3.0,24.6,150,800000,0.5,0.5,0.0,1.0,1.0,0.5,1.0,1.0,1.0,1.0,1.0,1.0,1.0,2.0,1.0,1.0,2.0,1.0
174,175,Togepi,2,Fairy,,Spike Ball Pokémon,0,20,40,65,65,35,20,245,0.3,1.5,88.1,190,800000,0.5,0.5,0.0,1.0,1.0,0.5,1.0,1.0,1.0,1.0,1.0,1.0,1.0,2.0,1.0,1.0,2.0,1.0
178,179,Mareep,2,Electric,,Wool Pokémon,0,40,65,40,45,55,35,280,0.6,7.8,50.0,235,1059860,1.0,1.0,1.0,0.5,1.0,1.0,1.0,0.5,1.0,1.0,2.0,1.0,1.0,1.0,1.0,1.0,0.5,1.0
179,180,Flaaffy,2,Electric,,Wool Pokémon,0,55,80,55,60,70,45,365,0.8,13.3,50.0,120,1059860,1.0,1.0,1.0,0.5,1.0,1.0,1.0,0.5,1.0,1.0,2.0,1.0,1.0,1.0,1.0,1.0,0.5,1.0
180,181,Ampharos,2,Electric,,Light Pokémon,0,95,165,105,110,90,45,610,1.4,61.5,50.0,45,1059860,1.0,1.0,1.0,0.5,1.0,1.0,1.0,0.5,1.0,1.0,2.0,1.0,1.0,1.0,1.0,1.0,0.5,1.0
181,182,Bellossom,2,Grass,,Flower Pokémon,0,80,90,95,100,75,50,490,0.4,5.8,50.0,45,1059860,2.0,1.0,1.0,0.5,1.0,1.0,2.0,2.0,1.0,0.5,0.5,2.0,1.0,2.0,1.0,1.0,1.0,0.5
184,185,Sudowoodo,2,Rock,,Imitation Pokémon,0,100,30,115,65,70,30,410,1.2,38.0,50.0,65,1000000,1.0,1.0,1.0,1.0,1.0,2.0,0.5,0.5,1.0,2.0,2.0,1.0,0.5,0.5,1.0,1.0,2.0,2.0
185,186,Politoed,2,Water,,Frog Pokémon,0,75,90,75,100,90,70,500,1.1,33.9,50.0,45,1059860,1.0,1.0,1.0,2.0,1.0,1.0,0.5,1.0,1.0,2.0,1.0,0.5,1.0,1.0,1.0,1.0,0.5,0.5
189,190,Aipom,2,Normal,,Long Tail Pokémon,0,70,40,55,55,55,85,360,0.8,11.5,50.0,45,800000,1.0,1.0,1.0,1.0,1.0,2.0,1.0,1.0,0.0,1.0,1.0,1.0,1.0,1.0,1.0,1.0,1.0,1.0
190,191,Sunkern,2,Grass,,Seed Pokémon,0,30,30,30,30,30,30,180,0.3,1.8,50.0,235,1059860,2.0,1.0,1.0,0.5,1.0,1.0,2.0,2.0,1.0,0.5,0.5,2.0,1.0,2.0,1.0,1.0,1.0,0.5
191,192,Sunflora,2,Grass,,Sun Pokémon,0,75,105,55,85,75,30,425,0.8,8.5,50.0,120,1059860,2.0,1.0,1.0,0.5,1.0,1.0,2.0,2.0,1.0,0.5,0.5,2.0,1.0,2.0,1.0,1.0,1.0,0.5
195,196,Espeon,2,Psychic,,Sun Pokémon,0,65,130,60,95,65,110,525,0.9,26.5,88.1,45,1000000,2.0,2.0,1.0,1.0,1.0,0.5,1.0,1.0,2.0,1.0,1.0,1.0,1.0,1.0,0.5,1.0,1.0,1.0
196,197,Umbreon,2,Dark,,Moonlight Pokémon,0,65,60,110,130,95,65,525,1.0,27.0,88.1,45,1000000,2.0,0.5,1.0,1.0,2.0,2.0,1.0,1.0,0.5,1.0,1.0,1.0,1.0,1.0,0.0,1.0,1.0,1.0
199,200,Misdreavus,2,Ghost,,Screech Pokémon,0,60,85,60,85,60,85,435,0.7,1.0,50.0,45,800000,0.5,2.0,1.0,1.0,1.0,0.0,1.0,1.0,2.0,1.0,1.0,1.0,0.0,0.5,1.0,1.0,1.0,1.0
200,201,Unown,2,Psychic,,Symbol Pokémon,0,72,72,48,48,48,48,336,0.5,5.0,,225,1000000,2.0,2.0,1.0,1.0,1.0,0.5,1.0,1.0,2.0,1.0,1.0,1.0,1.0,1.0,0.5,1.0,1.0,1.0
201,202,Wobbuffet,2,Psychic,,Patient Pokémon,0,33,33,58,58,190,33,405,1.3,28.5,50.0,45,1000000,2.0,2.0,1.0,1.0,1.0,0.5,1.0,1.0,2.0,1.0,1.0,1.0,1.0,1.0,0.5,1.0,1.0,1.0
203,204,Pineco,2,Bug,,Bagworm Pokémon,0,65,35,90,35,50,15,290,0.6,7.2,50.0,190,1000000,1.0,1.0,1.0,1.0,1.0,0.5,2.0,2.0,1.0,0.5,0.5,1.0,1.0,1.0,1.0,2.0,1.0,1.0
205,206,Dunsparce,2,Normal,,Land Snake Pokémon,0,70,65,70,65,100,45,415,1.5,14.0,50.0,190,1000000,1.0,1.0,1.0,1.0,1.0,2.0,1.0,1.0,0.0,1.0,1.0,1.0,1.0,1.0,1.0,1.0,1.0,1.0
208,209,Snubbull,2,Fairy,,Fairy Pokémon,0,80,40,50,40,60,30,300,0.6,7.8,24.6,190,800000,0.5,0.5,0.0,1.0,1.0,0.5,1.0,1.0,1.0,1.0,1.0,1.0,1.0,2.0,1.0,1.0,2.0,1.0
209,210,Granbull,2,Fairy,,Fairy Pokémon,0,120,60,75,60,90,45,450,1.4,48.7,24.6,75,800000,0.5,0.5,0.0,1.0,1.0,0.5,1.0,1.0,1.0,1.0,1.0,1.0,1.0,2.0,1.0,1.0,2.0,1.0
215,216,Teddiursa,2,Normal,,Little Bear Pokémon,0,80,50,50,50,60,40,330,0.6,8.8,50.0,120,1000000,1.0,1.0,1.0,1.0,1.0,2.0,1.0,1.0,0.0,1.0,1.0,1.0,1.0,1.0,1.0,1.0,1.0,1.0
216,217,Ursaring,2,Normal,,Hibernator Pokémon,0,130,75,75,75,90,55,500,1.8,125.8,50.0,60,1000000,1.0,1.0,1.0,1.0,1.0,2.0,1.0,1.0,0.0,1.0,1.0,1.0,1.0,1.0,1.0,1.0,1.0,1.0
217,218,Slugma,2,Fire,,Lava Pokémon,0,40,70,40,40,40,20,250,0.7,35.0,50.0,190,1000000,0.5,1.0,1.0,1.0,0.5,1.0,0.5,1.0,1.0,0.5,2.0,0.5,1.0,1.0,1.0,2.0,0.5,2.0
222,223,Remoraid,2,Water,,Jet Pokémon,0,65,65,35,35,35,65,300,0.6,12.0,50.0,190,1000000,1.0,1.0,1.0,2.0,1.0,1.0,0.5,1.0,1.0,2.0,1.0,0.5,1.0,1.0,1.0,1.0,0.5,0.5
223,224,Octillery,2,Water,,Jet Pokémon,0,105,105,75,75,75,45,480,0.9,28.5,50.0,75,1000000,1.0,1.0,1.0,2.0,1.0,1.0,0.5,1.0,1.0,2.0,1.0,0.5,1.0,1.0,1.0,1.0,0.5,0.5
230,231,Phanpy,2,Ground,,Long Nose Pokémon,0,60,40,60,40,90,40,330,0.5,33.5,50.0,120,1000000,1.0,1.0,1.0,0.0,1.0,1.0,1.0,1.0,1.0,2.0,1.0,2.0,1.0,0.5,1.0,0.5,1.0,2.0
231,232,Donphan,2,Ground,,Armor Pokémon,0,120,60,120,60,90,50,500,1.1,120.0,50.0,60,1000000,1.0,1.0,1.0,0.0,1.0,1.0,1.0,1.0,1.0,2.0,1.0,2.0,1.0,0.5,1.0,0.5,1.0,2.0
232,233,Porygon2,2,Normal,,Virtual Pokémon,0,80,105,90,95,85,60,515,0.6,32.5,,45,1000000,1.0,1.0,1.0,1.0,1.0,2.0,1.0,1.0,0.0,1.0,1.0,1.0,1.0,1.0,1.0,1.0,1.0,1.0
233,234,Stantler,2,Normal,,Big Horn Pokémon,0,95,85,62,65,73,85,465,1.4,71.2,50.0,45,1250000,1.0,1.0,1.0,1.0,1.0,2.0,1.0,1.0,0.0,1.0,1.0,1.0,1.0,1.0,1.0,1.0,1.0,1.0
234,235,Smeargle,2,Normal,,Painter Pokémon,0,20,20,35,45,55,75,250,1.2,58.0,50.0,45,800000,1.0,1.0,1.0,1.0,1.0,2.0,1.0,1.0,0.0,1.0,1.0,1.0,1.0,1.0,1.0,1.0,1.0,1.0
235,236,Tyrogue,2,Fighting,,Scuffle Pokémon,0,35,35,35,35,35,35,210,0.7,21.0,100.0,75,1000000,0.5,0.5,1.0,1.0,2.0,1.0,1.0,2.0,1.0,1.0,1.0,1.0,1.0,1.0,2.0,0.5,1.0,1.0
236,237,Hitmontop,2,Fighting,,Handstand Pokémon,0,95,35,95,110,50,70,455,1.4,48.0,100.0,45,1000000,0.5,0.5,1.0,1.0,2.0,1.0,1.0,2.0,1.0,1.0,1.0,1.0,1.0,1.0,2.0,0.5,1.0,1.0
238,239,Elekid,2,Electric,,Electric Pokémon,0,63,65,37,55,45,95,360,0.6,23.5,75.4,45,1000000,1.0,1.0,1.0,0.5,1.0,1.0,1.0,0.5,1.0,1.0,2.0,1.0,1.0,1.0,1.0,1.0,0.5,1.0
239,240,Magby,2,Fire,,Live Coal Pokémon,0,75,70,37,55,45,83,365,0.7,21.4,75.4,45,1000000,0.5,1.0,1.0,1.0,0.5,1.0,0.5,1.0,1.0,0.5,2.0,0.5,1.0,1.0,1.0,2.0,0.5,2.0
240,241,Miltank,2,Normal,,Milk Cow Pokémon,0,80,40,105,70,95,100,490,1.2,75.5,0.0,45,1250000,1.0,1.0,1.0,1.0,1.0,2.0,1.0,1.0,0.0,1.0,1.0,1.0,1.0,1.0,1.0,1.0,1.0,1.0
241,242,Blissey,2,Normal,,Happiness Pokémon,0,10,75,10,135,255,55,540,1.5,46.8,0.0,30,800000,1.0,1.0,1.0,1.0,1.0,2.0,1.0,1.0,0.0,1.0,1.0,1.0,1.0,1.0,1.0,1.0,1.0,1.0
242,243,Raikou,2,Electric,,Thunder Pokémon,1,85,115,75,100,90,115,580,1.9,178.0,,3,1250000,1.0,1.0,1.0,0.5,1.0,1.0,1.0,0.5,1.0,1.0,2.0,1.0,1.0,1.0,1.0,1.0,0.5,1.0
243,244,Entei,2,Fire,,Volcano Pokémon,1,115,90,85,75,115,100,580,2.1,198.0,,3,1250000,0.5,1.0,1.0,1.0,0.5,1.0,0.5,1.0,1.0,0.5,2.0,0.5,1.0,1.0,1.0,2.0,0.5,2.0
244,245,Suicune,2,Water,,Aurora Pokémon,1,75,90,115,115,100,85,580,2.0,187.0,,3,1250000,1.0,1.0,1.0,2.0,1.0,1.0,0.5,1.0,1.0,2.0,1.0,0.5,1.0,1.0,1.0,1.0,0.5,0.5
251,252,Treecko,3,Grass,,Wood Gecko Pokémon,0,45,65,35,55,40,70,310,0.5,5.0,88.1,45,1059860,2.0,1.0,1.0,0.5,1.0,1.0,2.0,2.0,1.0,0.5,0.5,2.0,1.0,2.0,1.0,1.0,1.0,0.5
252,253,Grovyle,3,Grass,,Wood Gecko Pokémon,0,65,85,45,65,50,95,405,0.9,21.6,88.1,45,1059860,2.0,1.0,1.0,0.5,1.0,1.0,2.0,2.0,1.0,0.5,0.5,2.0,1.0,2.0,1.0,1.0,1.0,0.5
253,254,Sceptile,3,Grass,,Forest Pokémon,0,110,145,75,85,70,145,630,1.7,52.2,88.1,45,1059860,2.0,1.0,1.0,0.5,1.0,1.0,2.0,2.0,1.0,0.5,0.5,2.0,1.0,2.0,1.0,1.0,1.0,0.5
254,255,Torchic,3,Fire,,Chick Pokémon,0,60,70,40,50,45,45,310,0.4,2.5,88.1,45,1059860,0.5,1.0,1.0,1.0,0.5,1.0,0.5,1.0,1.0,0.5,2.0,0.5,1.0,1.0,1.0,2.0,0.5,2.0
257,258,Mudkip,3,Water,,Mud Fish Pokémon,0,70,50,50,50,50,40,310,0.4,7.6,88.1,45,1059860,1.0,1.0,1.0,2.0,1.0,1.0,0.5,1.0,1.0,2.0,1.0,0.5,1.0,1.0,1.0,1.0,0.5,0.5
260,261,Poochyena,3,Dark,,Bite Pokémon,0,55,30,35,30,35,35,220,0.5,13.6,50.0,255,1000000,2.0,0.5,1.0,1.0,2.0,2.0,1.0,1.0,0.5,1.0,1.0,1.0,1.0,1.0,0.0,1.0,1.0,1.0
261,262,Mightyena,3,Dark,,Bite Pokémon,0,90,60,70,60,70,70,420,1.0,37.0,50.0,127,1000000,2.0,0.5,1.0,1.0,2.0,2.0,1.0,1.0,0.5,1.0,1.0,1.0,1.0,1.0,0.0,1.0,1.0,1.0
262,263,Zigzagoon,3,Normal,,Tiny Racoon Pokémon,0,30,30,41,41,38,60,240,0.4,17.5,50.0,255,1000000,1.0,1.0,1.0,1.0,1.0,2.0,1.0,1.0,0.0,1.0,1.0,1.0,1.0,1.0,1.0,1.0,1.0,1.0
263,264,Linoone,3,Normal,,Rush Pokémon,0,70,50,61,61,78,100,420,0.5,32.5,50.0,90,1000000,1.0,1.0,1.0,1.0,1.0,2.0,1.0,1.0,0.0,1.0,1.0,1.0,1.0,1.0,1.0,1.0,1.0,1.0
264,265,Wurmple,3,Bug,,Worm Pokémon,0,45,20,35,30,45,20,195,0.3,3.6,50.0,255,1000000,1.0,1.0,1.0,1.0,1.0,0.5,2.0,2.0,1.0,0.5,0.5,1.0,1.0,1.0,1.0,2.0,1.0,1.0
265,266,Silcoon,3,Bug,,Cocoon Pokémon,0,35,25,55,25,50,15,205,0.6,10.0,50.0,120,1000000,1.0,1.0,1.0,1.0,1.0,0.5,2.0,2.0,1.0,0.5,0.5,1.0,1.0,1.0,1.0,2.0,1.0,1.0
267,268,Cascoon,3,Bug,,Cocoon Pokémon,0,35,25,55,25,50,15,205,0.7,11.5,50.0,120,1000000,1.0,1.0,1.0,1.0,1.0,0.5,2.0,2.0,1.0,0.5,0.5,1.0,1.0,1.0,1.0,2.0,1.0,1.0
272,273,Seedot,3,Grass,,Acorn Pokémon,0,40,30,50,30,40,30,220,0.5,4.0,50.0,255,1059860,2.0,1.0,1.0,0.5,1.0,1.0,2.0,2.0,1.0,0.5,0.5,2.0,1.0,2.0,1.0,1.0,1.0,0.5
284,285,Shroomish,3,Grass,,Mushroom Pokémon,0,40,40,60,60,60,35,295,0.4,4.5,50.0,255,1640000,2.0,1.0,1.0,0.5,1.0,1.0,2.0,2.0,1.0,0.5,0.5,2.0,1.0,2.0,1.0,1.0,1.0,0.5
286,287,Slakoth,3,Normal,,Slacker Pokémon,0,60,35,60,35,60,30,280,0.8,24.0,50.0,255,1250000,1.0,1.0,1.0,1.0,1.0,2.0,1.0,1.0,0.0,1.0,1.0,1.0,1.0,1.0,1.0,1.0,1.0,1.0
287,288,Vigoroth,3,Normal,,Wild Monkey Pokémon,0,80,55,80,55,80,90,440,1.4,46.5,50.0,120,1250000,1.0,1.0,1.0,1.0,1.0,2.0,1.0,1.0,0.0,1.0,1.0,1.0,1.0,1.0,1.0,1.0,1.0,1.0
288,289,Slaking,3,Normal,,Lazy Pokémon,0,160,95,100,65,150,100,670,2.0,130.5,50.0,45,1250000,1.0,1.0,1.0,1.0,1.0,2.0,1.0,1.0,0.0,1.0,1.0,1.0,1.0,1.0,1.0,1.0,1.0,1.0
292,293,Whismur,3,Normal,,Whisper Pokémon,0,51,51,23,23,64,28,240,0.6,16.3,50.0,190,1059860,1.0,1.0,1.0,1.0,1.0,2.0,1.0,1.0,0.0,1.0,1.0,1.0,1.0,1.0,1.0,1.0,1.0,1.0
293,294,Loudred,3,Normal,,Big Voice Pokémon,0,71,71,43,43,84,48,360,1.0,40.5,50.0,120,1059860,1.0,1.0,1.0,1.0,1.0,2.0,1.0,1.0,0.0,1.0,1.0,1.0,1.0,1.0,1.0,1.0,1.0,1.0
294,295,Exploud,3,Normal,,Loud Noise Pokémon,0,91,91,63,73,104,68,490,1.5,84.0,50.0,45,1059860,1.0,1.0,1.0,1.0,1.0,2.0,1.0,1.0,0.0,1.0,1.0,1.0,1.0,1.0,1.0,1.0,1.0,1.0
295,296,Makuhita,3,Fighting,,Guts Pokémon,0,60,20,30,30,72,25,237,1.0,86.4,75.4,180,1640000,0.5,0.5,1.0,1.0,2.0,1.0,1.0,2.0,1.0,1.0,1.0,1.0,1.0,1.0,2.0,0.5,1.0,1.0
296,297,Hariyama,3,Fighting,,Arm Thrust Pokémon,0,120,40,60,60,144,50,474,2.3,253.8,75.4,200,1640000,0.5,0.5,1.0,1.0,2.0,1.0,1.0,2.0,1.0,1.0,1.0,1.0,1.0,1.0,2.0,0.5,1.0,1.0
298,299,Nosepass,3,Rock,,Compass Pokémon,0,45,45,135,90,30,30,375,1.0,97.0,50.0,255,1000000,1.0,1.0,1.0,1.0,1.0,2.0,0.5,0.5,1.0,2.0,2.0,1.0,0.5,0.5,1.0,1.0,2.0,2.0
299,300,Skitty,3,Normal,,Kitten Pokémon,0,45,35,45,35,50,50,260,0.6,11.0,24.6,255,800000,1.0,1.0,1.0,1.0,1.0,2.0,1.0,1.0,0.0,1.0,1.0,1.0,1.0,1.0,1.0,1.0,1.0,1.0
300,301,Delcatty,3,Normal,,Prim Pokémon,0,65,55,65,55,70,90,400,1.1,32.6,24.6,60,800000,1.0,1.0,1.0,1.0,1.0,2.0,1.0,1.0,0.0,1.0,1.0,1.0,1.0,1.0,1.0,1.0,1.0,1.0
308,309,Electrike,3,Electric,,Lightning Pokémon,0,45,65,40,40,40,65,295,0.6,15.2,50.0,120,1250000,1.0,1.0,1.0,0.5,1.0,1.0,1.0,0.5,1.0,1.0,2.0,1.0,1.0,1.0,1.0,1.0,0.5,1.0
309,310,Manectric,3,Electric,,Discharge Pokémon,0,75,135,80,80,70,135,575,1.5,40.2,50.0,45,1250000,1.0,1.0,1.0,0.5,1.0,1.0,1.0,0.5,1.0,1.0,2.0,1.0,1.0,1.0,1.0,1.0,0.5,1.0
310,311,Plusle,3,Electric,,Cheering Pokémon,0,50,85,40,75,60,95,405,0.4,4.2,50.0,200,1000000,1.0,1.0,1.0,0.5,1.0,1.0,1.0,0.5,1.0,1.0,2.0,1.0,1.0,1.0,1.0,1.0,0.5,1.0
311,312,Minun,3,Electric,,Cheering Pokémon,0,40,75,50,85,60,95,405,0.4,4.2,50.0,200,1000000,1.0,1.0,1.0,0.5,1.0,1.0,1.0,0.5,1.0,1.0,2.0,1.0,1.0,1.0,1.0,1.0,0.5,1.0
312,313,Volbeat,3,Bug,,Firefly Pokémon,0,73,47,75,85,65,85,430,0.7,17.7,100.0,150,600000,1.0,1.0,1.0,1.0,1.0,0.5,2.0,2.0,1.0,0.5,0.5,1.0,1.0,1.0,1.0,2.0,1.0,1.0
313,314,Illumise,3,Bug,,Firefly Pokémon,0,47,73,75,85,65,85,430,0.6,17.7,0.0,150,1640000,1.0,1.0,1.0,1.0,1.0,0.5,2.0,2.0,1.0,0.5,0.5,1.0,1.0,1.0,1.0,2.0,1.0,1.0
315,316,Gulpin,3,Poison,,Stomach Pokémon,0,43,43,53,53,70,40,302,0.4,10.3,50.0,225,1640000,0.5,1.0,1.0,1.0,0.5,0.5,1.0,1.0,1.0,0.5,2.0,1.0,1.0,0.5,2.0,1.0,1.0,1.0
316,317,Swalot,3,Poison,,Poison Bag Pokémon,0,73,73,83,83,100,55,467,1.7,80.0,50.0,75,1640000,0.5,1.0,1.0,1.0,0.5,0.5,1.0,1.0,1.0,0.5,2.0,1.0,1.0,0.5,2.0,1.0,1.0,1.0
319,320,Wailmer,3,Water,,Ball Whale Pokémon,0,70,70,35,35,130,60,400,2.0,130.0,50.0,125,1640000,1.0,1.0,1.0,2.0,1.0,1.0,0.5,1.0,1.0,2.0,1.0,0.5,1.0,1.0,1.0,1.0,0.5,0.5
320,321,Wailord,3,Water,,Float Whale Pokémon,0,90,90,45,45,170,60,500,14.5,398.0,50.0,60,1640000,1.0,1.0,1.0,2.0,1.0,1.0,0.5,1.0,1.0,2.0,1.0,0.5,1.0,1.0,1.0,1.0,0.5,0.5
323,324,Torkoal,3,Fire,,Coal Pokémon,0,85,85,140,70,70,20,470,0.5,80.4,50.0,90,1000000,0.5,1.0,1.0,1.0,0.5,1.0,0.5,1.0,1.0,0.5,2.0,0.5,1.0,1.0,1.0,2.0,0.5,2.0
324,325,Spoink,3,Psychic,,Bounce Pokémon,0,25,70,35,80,60,60,330,0.7,30.6,50.0,255,800000,2.0,2.0,1.0,1.0,1.0,0.5,1.0,1.0,2.0,1.0,1.0,1.0,1.0,1.0,0.5,1.0,1.0,1.0
325,326,Grumpig,3,Psychic,,Manipulate Pokémon,0,45,90,65,110,80,80,470,0.9,71.5,50.0,60,800000,2.0,2.0,1.0,1.0,1.0,0.5,1.0,1.0,2.0,1.0,1.0,1.0,1.0,1.0,0.5,1.0,1.0,1.0
326,327,Spinda,3,Normal,,Spot Panda Pokémon,0,60,60,60,60,60,60,360,1.1,5.0,50.0,255,800000,1.0,1.0,1.0,1.0,1.0,2.0,1.0,1.0,0.0,1.0,1.0,1.0,1.0,1.0,1.0,1.0,1.0,1.0
327,328,Trapinch,3,Ground,,Ant Pit Pokémon,0,100,45,45,45,45,10,290,0.7,15.0,50.0,255,1059860,1.0,1.0,1.0,0.0,1.0,1.0,1.0,1.0,1.0,2.0,1.0,2.0,1.0,0.5,1.0,0.5,1.0,2.0
330,331,Cacnea,3,Grass,,Cactus Pokémon,0,85,85,40,40,50,35,335,0.4,51.3,50.0,190,1059860,2.0,1.0,1.0,0.5,1.0,1.0,2.0,2.0,1.0,0.5,0.5,2.0,1.0,2.0,1.0,1.0,1.0,0.5
334,335,Zangoose,3,Normal,,Cat Ferret Pokémon,0,115,60,60,60,73,90,458,1.3,40.3,50.0,90,600000,1.0,1.0,1.0,1.0,1.0,2.0,1.0,1.0,0.0,1.0,1.0,1.0,1.0,1.0,1.0,1.0,1.0,1.0
335,336,Seviper,3,Poison,,Fang Snake Pokémon,0,100,100,60,60,73,65,458,2.7,52.5,50.0,90,1640000,0.5,1.0,1.0,1.0,0.5,0.5,1.0,1.0,1.0,0.5,2.0,1.0,1.0,0.5,2.0,1.0,1.0,1.0
340,341,Corphish,3,Water,,Ruffian Pokémon,0,80,50,65,35,43,35,308,0.6,11.5,50.0,205,1640000,1.0,1.0,1.0,2.0,1.0,1.0,0.5,1.0,1.0,2.0,1.0,0.5,1.0,1.0,1.0,1.0,0.5,0.5
348,349,Feebas,3,Water,,Fish Pokémon,0,15,10,20,55,20,80,200,0.6,7.4,50.0,255,600000,1.0,1.0,1.0,2.0,1.0,1.0,0.5,1.0,1.0,2.0,1.0,0.5,1.0,1.0,1.0,1.0,0.5,0.5
349,350,Milotic,3,Water,,Tender Pokémon,0,60,100,79,125,95,81,540,6.2,162.0,50.0,60,600000,1.0,1.0,1.0,2.0,1.0,1.0,0.5,1.0,1.0,2.0,1.0,0.5,1.0,1.0,1.0,1.0,0.5,0.5
350,351,Castform,3,Normal,,Weather Pokémon,0,70,70,70,70,70,70,420,0.3,0.8,50.0,45,1000000,1.0,1.0,1.0,1.0,1.0,2.0,1.0,1.0,0.0,1.0,1.0,1.0,1.0,1.0,1.0,1.0,1.0,1.0
351,352,Kecleon,3,Normal,,Color Swap Pokémon,0,90,60,70,120,60,40,440,1.0,22.0,50.0,200,1059860,1.0,1.0,1.0,1.0,1.0,2.0,1.0,1.0,0.0,1.0,1.0,1.0,1.0,1.0,1.0,1.0,1.0,1.0
352,353,Shuppet,3,Ghost,,Puppet Pokémon,0,75,63,35,33,44,45,295,0.6,2.3,50.0,225,800000,0.5,2.0,1.0,1.0,1.0,0.0,1.0,1.0,2.0,1.0,1.0,1.0,0.0,0.5,1.0,1.0,1.0,1.0
353,354,Banette,3,Ghost,,Marionette Pokémon,0,165,93,75,83,64,75,555,1.1,12.5,50.0,45,800000,0.5,2.0,1.0,1.0,1.0,0.0,1.0,1.0,2.0,1.0,1.0,1.0,0.0,0.5,1.0,1.0,1.0,1.0
354,355,Duskull,3,Ghost,,Requiem Pokémon,0,40,30,90,90,20,25,295,0.8,15.0,50.0,190,800000,0.5,2.0,1.0,1.0,1.0,0.0,1.0,1.0,2.0,1.0,1.0,1.0,0.0,0.5,1.0,1.0,1.0,1.0
355,356,Dusclops,3,Ghost,,Beckon Pokémon,0,70,60,130,130,40,25,455,1.6,30.6,50.0,90,800000,0.5,2.0,1.0,1.0,1.0,0.0,1.0,1.0,2.0,1.0,1.0,1.0,0.0,0.5,1.0,1.0,1.0,1.0
357,358,Chimecho,3,Psychic,,Wind Chime Pokémon,0,50,95,80,90,75,65,455,0.6,1.0,50.0,45,800000,2.0,2.0,1.0,1.0,1.0,0.5,1.0,1.0,2.0,1.0,1.0,1.0,1.0,1.0,0.5,1.0,1.0,1.0
358,359,Absol,3,Dark,,Disaster Pokémon,0,150,115,60,60,65,115,565,1.2,47.0,50.0,30,1059860,2.0,0.5,1.0,1.0,2.0,2.0,1.0,1.0,0.5,1.0,1.0,1.0,1.0,1.0,0.0,1.0,1.0,1.0
359,360,Wynaut,3,Psychic,,Bright Pokémon,0,23,23,48,48,95,23,260,0.6,14.0,50.0,125,1000000,2.0,2.0,1.0,1.0,1.0,0.5,1.0,1.0,2.0,1.0,1.0,1.0,1.0,1.0,0.5,1.0,1.0,1.0
360,361,Snorunt,3,Ice,,Snow Hat Pokémon,0,50,50,50,50,50,50,300,0.7,16.8,50.0,190,1000000,1.0,1.0,1.0,1.0,1.0,2.0,2.0,1.0,1.0,1.0,1.0,0.5,1.0,1.0,1.0,2.0,2.0,1.0
361,362,Glalie,3,Ice,,Face Pokémon,0,120,120,80,80,80,100,580,1.5,256.5,50.0,75,1000000,1.0,1.0,1.0,1.0,1.0,2.0,2.0,1.0,1.0,1.0,1.0,0.5,1.0,1.0,1.0,2.0,2.0,1.0
365,366,Clamperl,3,Water,,Bivalve Pokémon,0,64,74,85,55,35,32,345,0.4,52.5,50.0,255,600000,1.0,1.0,1.0,2.0,1.0,1.0,0.5,1.0,1.0,2.0,1.0,0.5,1.0,1.0,1.0,1.0,0.5,0.5
366,367,Huntail,3,Water,,Deep Sea Pokémon,0,104,94,105,75,55,52,485,1.7,27.0,50.0,60,600000,1.0,1.0,1.0,2.0,1.0,1.0,0.5,1.0,1.0,2.0,1.0,0.5,1.0,1.0,1.0,1.0,0.5,0.5
367,368,Gorebyss,3,Water,,South Sea Pokémon,0,84,114,105,75,55,52,485,1.8,22.6,50.0,60,600000,1.0,1.0,1.0,2.0,1.0,1.0,0.5,1.0,1.0,2.0,1.0,0.5,1.0,1.0,1.0,1.0,0.5,0.5
369,370,Luvdisc,3,Water,,Rendezvous Pokémon,0,30,40,55,65,43,97,330,0.6,8.7,24.6,225,800000,1.0,1.0,1.0,2.0,1.0,1.0,0.5,1.0,1.0,2.0,1.0,0.5,1.0,1.0,1.0,1.0,0.5,0.5
370,371,Bagon,3,Dragon,,Rock Head Pokémon,0,75,40,60,30,45,50,300,0.6,42.1,50.0,45,1250000,1.0,1.0,2.0,0.5,2.0,1.0,0.5,1.0,1.0,0.5,1.0,2.0,1.0,1.0,1.0,1.0,1.0,0.5
371,372,Shelgon,3,Dragon,,Endurance Pokémon,0,95,60,100,50,65,50,420,1.1,110.5,50.0,45,1250000,1.0,1.0,2.0,0.5,2.0,1.0,0.5,1.0,1.0,0.5,1.0,2.0,1.0,1.0,1.0,1.0,1.0,0.5
376,377,Regirock,3,Rock,,Rock Peak Pokémon,1,100,50,200,100,80,50,580,1.7,230.0,,3,1250000,1.0,1.0,1.0,1.0,1.0,2.0,0.5,0.5,1.0,2.0,2.0,1.0,0.5,0.5,1.0,1.0,2.0,2.0
377,378,Regice,3,Ice,,Iceberg Pokémon,1,50,100,100,200,80,50,580,1.8,175.0,,3,1250000,1.0,1.0,1.0,1.0,1.0,2.0,2.0,1.0,1.0,1.0,1.0,0.5,1.0,1.0,1.0,2.0,2.0,1.0
378,379,Registeel,3,Steel,,Iron Pokémon,1,75,75,150,150,80,50,580,1.9,205.0,,3,1250000,0.5,1.0,0.5,1.0,0.5,2.0,2.0,0.5,1.0,0.5,2.0,0.5,0.5,0.0,0.5,0.5,0.5,1.0
381,382,Kyogre,3,Water,,Sea Basin Pokémon,1,150,180,90,160,100,90,770,4.5,352.0,,3,1250000,1.0,1.0,1.0,2.0,1.0,1.0,0.5,1.0,1.0,2.0,1.0,0.5,1.0,1.0,1.0,1.0,0.5,0.5
382,383,Groudon,3,Ground,,Continent Pokémon,1,180,150,160,90,100,90,770,3.5,950.0,,3,1250000,1.0,1.0,1.0,0.0,1.0,1.0,1.0,1.0,1.0,2.0,1.0,2.0,1.0,0.5,1.0,0.5,1.0,2.0
385,386,Deoxys,3,Psychic,,DNA Pokémon,1,95,95,90,90,50,180,600,1.7,60.8,,3,1250000,2.0,2.0,1.0,1.0,1.0,0.5,1.0,1.0,2.0,1.0,1.0,1.0,1.0,1.0,0.5,1.0,1.0,1.0
386,387,Turtwig,4,Grass,,Tiny Leaf Pokémon,0,68,45,64,55,55,31,318,0.4,10.2,88.1,45,1059860,2.0,1.0,1.0,0.5,1.0,1.0,2.0,2.0,1.0,0.5,0.5,2.0,1.0,2.0,1.0,1.0,1.0,0.5
387,388,Grotle,4,Grass,,Grove Pokémon,0,89,55,85,65,75,36,405,1.1,97.0,88.1,45,1059860,2.0,1.0,1.0,0.5,1.0,1.0,2.0,2.0,1.0,0.5,0.5,2.0,1.0,2.0,1.0,1.0,1.0,0.5
389,390,Chimchar,4,Fire,,Chimp Pokémon,0,58,58,44,44,44,61,309,0.5,6.2,88.1,45,1059860,0.5,1.0,1.0,1.0,0.5,1.0,0.5,1.0,1.0,0.5,2.0,0.5,1.0,1.0,1.0,2.0,0.5,2.0
392,393,Piplup,4,Water,,Penguin Pokémon,0,51,61,53,56,53,40,314,0.4,5.2,88.1,45,1059860,1.0,1.0,1.0,2.0,1.0,1.0,0.5,1.0,1.0,2.0,1.0,0.5,1.0,1.0,1.0,1.0,0.5,0.5
393,394,Prinplup,4,Water,,Penguin Pokémon,0,66,81,68,76,64,50,405,0.8,23.0,88.1,45,1059860,1.0,1.0,1.0,2.0,1.0,1.0,0.5,1.0,1.0,2.0,1.0,0.5,1.0,1.0,1.0,1.0,0.5,0.5
398,399,Bidoof,4,Normal,,Plump Mouse Pokémon,0,45,35,40,40,59,31,250,0.5,20.0,50.0,255,1000000,1.0,1.0,1.0,1.0,1.0,2.0,1.0,1.0,0.0,1.0,1.0,1.0,1.0,1.0,1.0,1.0,1.0,1.0
400,401,Kricketot,4,Bug,,Cricket Pokémon,0,25,25,41,41,37,25,194,0.3,2.2,50.0,255,1059860,1.0,1.0,1.0,1.0,1.0,0.5,2.0,2.0,1.0,0.5,0.5,1.0,1.0,1.0,1.0,2.0,1.0,1.0
401,402,Kricketune,4,Bug,,Cricket Pokémon,0,85,55,51,51,77,65,384,1.0,25.5,50.0,45,1059860,1.0,1.0,1.0,1.0,1.0,0.5,2.0,2.0,1.0,0.5,0.5,1.0,1.0,1.0,1.0,2.0,1.0,1.0
402,403,Shinx,4,Electric,,Flash Pokémon,0,65,40,34,34,45,45,263,0.5,9.5,50.0,235,1059860,1.0,1.0,1.0,0.5,1.0,1.0,1.0,0.5,1.0,1.0,2.0,1.0,1.0,1.0,1.0,1.0,0.5,1.0
403,404,Luxio,4,Electric,,Spark Pokémon,0,85,60,49,49,60,60,363,0.9,30.5,50.0,120,1059860,1.0,1.0,1.0,0.5,1.0,1.0,1.0,0.5,1.0,1.0,2.0,1.0,1.0,1.0,1.0,1.0,0.5,1.0
404,405,Luxray,4,Electric,,Gleam Eyes Pokémon,0,120,95,79,79,80,70,523,1.4,42.0,50.0,45,1059860,1.0,1.0,1.0,0.5,1.0,1.0,1.0,0.5,1.0,1.0,2.0,1.0,1.0,1.0,1.0,1.0,0.5,1.0
407,408,Cranidos,4,Rock,,Head Butt Pokémon,0,125,30,40,30,67,58,350,0.9,31.5,88.1,45,600000,1.0,1.0,1.0,1.0,1.0,2.0,0.5,0.5,1.0,2.0,2.0,1.0,0.5,0.5,1.0,1.0,2.0,2.0
408,409,Rampardos,4,Rock,,Head Butt Pokémon,0,165,65,60,50,97,58,495,1.6,102.5,88.1,45,600000,1.0,1.0,1.0,1.0,1.0,2.0,0.5,0.5,1.0,2.0,2.0,1.0,0.5,0.5,1.0,1.0,2.0,2.0
411,412,Burmy,4,Bug,,Bagworm Pokémon,0,29,29,45,45,40,36,224,0.2,3.4,50.0,120,1000000,1.0,1.0,1.0,1.0,1.0,0.5,2.0,2.0,1.0,0.5,0.5,1.0,1.0,1.0,1.0,2.0,1.0,1.0
416,417,Pachirisu,4,Electric,,EleSquirrel Pokémon,0,45,45,70,90,60,95,405,0.4,3.9,50.0,200,1000000,1.0,1.0,1.0,0.5,1.0,1.0,1.0,0.5,1.0,1.0,2.0,1.0,1.0,1.0,1.0,1.0,0.5,1.0
417,418,Buizel,4,Water,,Sea Weasel Pokémon,0,65,60,35,30,55,85,330,0.7,29.5,50.0,190,1000000,1.0,1.0,1.0,2.0,1.0,1.0,0.5,1.0,1.0,2.0,1.0,0.5,1.0,1.0,1.0,1.0,0.5,0.5
418,419,Floatzel,4,Water,,Sea Weasel Pokémon,0,105,85,55,50,85,115,495,1.1,33.5,50.0,75,1000000,1.0,1.0,1.0,2.0,1.0,1.0,0.5,1.0,1.0,2.0,1.0,0.5,1.0,1.0,1.0,1.0,0.5,0.5
419,420,Cherubi,4,Grass,,Cherry Pokémon,0,35,62,45,53,45,35,275,0.4,3.3,50.0,190,1000000,2.0,1.0,1.0,0.5,1.0,1.0,2.0,2.0,1.0,0.5,0.5,2.0,1.0,2.0,1.0,1.0,1.0,0.5
420,421,Cherrim,4,Grass,,Blossom Pokémon,0,60,87,70,78,70,85,450,0.5,9.3,50.0,75,1000000,2.0,1.0,1.0,0.5,1.0,1.0,2.0,2.0,1.0,0.5,0.5,2.0,1.0,2.0,1.0,1.0,1.0,0.5
421,422,Shellos,4,Water,,Sea Slug Pokémon,0,48,57,48,62,76,34,325,0.3,6.3,50.0,190,1000000,1.0,1.0,1.0,2.0,1.0,1.0,0.5,1.0,1.0,2.0,1.0,0.5,1.0,1.0,1.0,1.0,0.5,0.5
423,424,Ambipom,4,Normal,,Long Tail Pokémon,0,100,60,66,66,75,115,482,1.2,20.3,50.0,45,800000,1.0,1.0,1.0,1.0,1.0,2.0,1.0,1.0,0.0,1.0,1.0,1.0,1.0,1.0,1.0,1.0,1.0,1.0
426,427,Buneary,4,Normal,,Rabbit Pokémon,0,66,44,44,56,55,85,350,0.4,5.5,50.0,190,1000000,1.0,1.0,1.0,1.0,1.0,2.0,1.0,1.0,0.0,1.0,1.0,1.0,1.0,1.0,1.0,1.0,1.0,1.0
427,428,Lopunny,4,Normal,,Rabbit Pokémon,0,136,54,94,96,65,135,580,1.2,33.3,50.0,60,1000000,1.0,1.0,1.0,1.0,1.0,2.0,1.0,1.0,0.0,1.0,1.0,1.0,1.0,1.0,1.0,1.0,1.0,1.0
428,429,Mismagius,4,Ghost,,Magical Pokémon,0,60,105,60,105,60,105,495,0.9,4.4,50.0,45,800000,0.5,2.0,1.0,1.0,1.0,0.0,1.0,1.0,2.0,1.0,1.0,1.0,0.0,0.5,1.0,1.0,1.0,1.0
430,431,Glameow,4,Normal,,Catty Pokémon,0,55,42,42,37,49,85,310,0.5,3.9,24.6,190,800000,1.0,1.0,1.0,1.0,1.0,2.0,1.0,1.0,0.0,1.0,1.0,1.0,1.0,1.0,1.0,1.0,1.0,1.0
431,432,Purugly,4,Normal,,Tiger Cat Pokémon,0,82,64,64,59,71,112,452,1.0,43.8,24.6,75,800000,1.0,1.0,1.0,1.0,1.0,2.0,1.0,1.0,0.0,1.0,1.0,1.0,1.0,1.0,1.0,1.0,1.0,1.0
432,433,Chingling,4,Psychic,,Bell Pokémon,0,30,65,50,50,45,45,285,0.2,0.6,50.0,120,800000,2.0,2.0,1.0,1.0,1.0,0.5,1.0,1.0,2.0,1.0,1.0,1.0,1.0,1.0,0.5,1.0,1.0,1.0
437,438,Bonsly,4,Rock,,Bonsai Pokémon,0,80,10,95,45,50,10,290,0.5,15.0,50.0,255,1000000,1.0,1.0,1.0,1.0,1.0,2.0,0.5,0.5,1.0,2.0,2.0,1.0,0.5,0.5,1.0,1.0,2.0,2.0
439,440,Happiny,4,Normal,,Playhouse Pokémon,0,5,15,5,65,100,30,220,0.6,24.4,0.0,130,800000,1.0,1.0,1.0,1.0,1.0,2.0,1.0,1.0,0.0,1.0,1.0,1.0,1.0,1.0,1.0,1.0,1.0,1.0
445,446,Munchlax,4,Normal,,Big Eater Pokémon,0,85,40,40,85,135,5,390,0.6,105.0,88.1,50,1250000,1.0,1.0,1.0,1.0,1.0,2.0,1.0,1.0,0.0,1.0,1.0,1.0,1.0,1.0,1.0,1.0,1.0,1.0
446,447,Riolu,4,Fighting,,Emanation Pokémon,0,70,35,40,40,40,60,285,0.7,20.2,88.1,75,1059860,0.5,0.5,1.0,1.0,2.0,1.0,1.0,2.0,1.0,1.0,1.0,1.0,1.0,1.0,2.0,0.5,1.0,1.0
448,449,Hippopotas,4,Ground,,Hippo Pokémon,0,72,38,78,42,68,32,330,0.8,49.5,50.0,140,1250000,1.0,1.0,1.0,0.0,1.0,1.0,1.0,1.0,1.0,2.0,1.0,2.0,1.0,0.5,1.0,0.5,1.0,2.0
449,450,Hippowdon,4,Ground,,Heavyweight Pokémon,0,112,68,118,72,108,47,525,2.0,300.0,50.0,60,1250000,1.0,1.0,1.0,0.0,1.0,1.0,1.0,1.0,1.0,2.0,1.0,2.0,1.0,0.5,1.0,0.5,1.0,2.0
454,455,Carnivine,4,Grass,,Bug Catcher Pokémon,0,100,90,72,72,74,46,454,1.4,27.0,50.0,200,1250000,2.0,1.0,1.0,0.5,1.0,1.0,2.0,2.0,1.0,0.5,0.5,2.0,1.0,2.0,1.0,1.0,1.0,0.5
455,456,Finneon,4,Water,,Wing Fish Pokémon,0,49,49,56,61,49,66,330,0.4,7.0,50.0,190,600000,1.0,1.0,1.0,2.0,1.0,1.0,0.5,1.0,1.0,2.0,1.0,0.5,1.0,1.0,1.0,1.0,0.5,0.5
456,457,Lumineon,4,Water,,Neon Pokémon,0,69,69,76,86,69,91,460,1.2,24.0,50.0,75,600000,1.0,1.0,1.0,2.0,1.0,1.0,0.5,1.0,1.0,2.0,1.0,0.5,1.0,1.0,1.0,1.0,0.5,0.5
462,463,Lickilicky,4,Normal,,Licking Pokémon,0,85,80,95,95,110,50,515,1.7,140.0,50.0,30,1000000,1.0,1.0,1.0,1.0,1.0,2.0,1.0,1.0,0.0,1.0,1.0,1.0,1.0,1.0,1.0,1.0,1.0,1.0
464,465,Tangrowth,4,Grass,,Vine Pokémon,0,100,110,125,50,100,50,535,2.0,128.6,50.0,30,1000000,2.0,1.0,1.0,0.5,1.0,1.0,2.0,2.0,1.0,0.5,0.5,2.0,1.0,2.0,1.0,1.0,1.0,0.5
465,466,Electivire,4,Electric,,Thunderbolt Pokémon,0,123,95,67,85,75,95,540,1.8,138.6,75.4,30,1000000,1.0,1.0,1.0,0.5,1.0,1.0,1.0,0.5,1.0,1.0,2.0,1.0,1.0,1.0,1.0,1.0,0.5,1.0
466,467,Magmortar,4,Fire,,Blast Pokémon,0,95,125,67,95,75,83,540,1.6,68.0,75.4,30,1000000,0.5,1.0,1.0,1.0,0.5,1.0,0.5,1.0,1.0,0.5,2.0,0.5,1.0,1.0,1.0,2.0,0.5,2.0
469,470,Leafeon,4,Grass,,Verdant Pokémon,0,110,60,130,65,65,95,525,1.0,25.5,88.1,45,1000000,2.0,1.0,1.0,0.5,1.0,1.0,2.0,2.0,1.0,0.5,0.5,2.0,1.0,2.0,1.0,1.0,1.0,0.5
470,471,Glaceon,4,Ice,,Fresh Snow Pokémon,0,60,130,110,95,65,65,525,0.8,25.9,88.1,45,1000000,1.0,1.0,1.0,1.0,1.0,2.0,2.0,1.0,1.0,1.0,1.0,0.5,1.0,1.0,1.0,2.0,2.0,1.0
473,474,Porygon-Z,4,Normal,,Virtual Pokémon,0,80,135,70,75,85,90,535,0.9,34.0,,30,1000000,1.0,1.0,1.0,1.0,1.0,2.0,1.0,1.0,0.0,1.0,1.0,1.0,1.0,1.0,1.0,1.0,1.0,1.0
476,477,Dusknoir,4,Ghost,,Gripper Pokémon,0,100,65,135,135,45,45,525,2.2,106.6,50.0,45,800000,0.5,2.0,1.0,1.0,1.0,0.0,1.0,1.0,2.0,1.0,1.0,1.0,0.0,0.5,1.0,1.0,1.0,1.0
479,480,Uxie,4,Psychic,,Knowledge Pokémon,1,75,75,130,130,75,95,580,0.3,0.3,,3,1250000,2.0,2.0,1.0,1.0,1.0,0.5,1.0,1.0,2.0,1.0,1.0,1.0,1.0,1.0,0.5,1.0,1.0,1.0
480,481,Mesprit,4,Psychic,,Emotion Pokémon,1,105,105,105,105,80,80,580,0.3,0.3,,3,1250000,2.0,2.0,1.0,1.0,1.0,0.5,1.0,1.0,2.0,1.0,1.0,1.0,1.0,1.0,0.5,1.0,1.0,1.0
481,482,Azelf,4,Psychic,,Willpower Pokémon,1,125,125,70,70,75,115,580,0.3,0.3,,3,1250000,2.0,2.0,1.0,1.0,1.0,0.5,1.0,1.0,2.0,1.0,1.0,1.0,1.0,1.0,0.5,1.0,1.0,1.0
485,486,Regigigas,4,Normal,,Colossal Pokémon,1,160,80,110,110,110,100,670,3.7,420.0,,3,1250000,1.0,1.0,1.0,1.0,1.0,2.0,1.0,1.0,0.0,1.0,1.0,1.0,1.0,1.0,1.0,1.0,1.0,1.0
487,488,Cresselia,4,Psychic,,Lunar Pokémon,1,70,75,120,130,120,85,600,1.5,85.6,0.0,3,1250000,2.0,2.0,1.0,1.0,1.0,0.5,1.0,1.0,2.0,1.0,1.0,1.0,1.0,1.0,0.5,1.0,1.0,1.0
488,489,Phione,4,Water,,Sea Drifter Pokémon,0,80,80,80,80,80,80,480,0.4,3.1,,30,1250000,1.0,1.0,1.0,2.0,1.0,1.0,0.5,1.0,1.0,2.0,1.0,0.5,1.0,1.0,1.0,1.0,0.5,0.5
489,490,Manaphy,4,Water,,Seafaring Pokémon,1,100,100,100,100,100,100,600,0.3,1.4,,3,1250000,1.0,1.0,1.0,2.0,1.0,1.0,0.5,1.0,1.0,2.0,1.0,0.5,1.0,1.0,1.0,1.0,0.5,0.5
490,491,Darkrai,4,Dark,,Pitch-Black Pokémon,1,90,135,90,90,70,125,600,1.5,50.5,,3,1250000,2.0,0.5,1.0,1.0,2.0,2.0,1.0,1.0,0.5,1.0,1.0,1.0,1.0,1.0,0.0,1.0,1.0,1.0
492,493,Arceus,4,Normal,,Alpha Pokémon,1,120,120,120,120,120,120,720,3.2,320.0,,3,1250000,1.0,1.0,1.0,1.0,1.0,2.0,1.0,1.0,0.0,1.0,1.0,1.0,1.0,1.0,1.0,1.0,1.0,1.0
494,495,Snivy,5,Grass,,Grass Snake Pokémon,0,45,45,55,55,45,63,308,0.6,8.1,88.1,45,1059860,2.0,1.0,1.0,0.5,1.0,1.0,2.0,2.0,1.0,0.5,0.5,2.0,1.0,2.0,1.0,1.0,1.0,0.5
495,496,Servine,5,Grass,,Grass Snake Pokémon,0,60,60,75,75,60,83,413,0.8,16.0,88.1,45,1059860,2.0,1.0,1.0,0.5,1.0,1.0,2.0,2.0,1.0,0.5,0.5,2.0,1.0,2.0,1.0,1.0,1.0,0.5
496,497,Serperior,5,Grass,,Regal Pokémon,0,75,75,95,95,75,113,528,3.3,63.0,88.1,45,1059860,2.0,1.0,1.0,0.5,1.0,1.0,2.0,2.0,1.0,0.5,0.5,2.0,1.0,2.0,1.0,1.0,1.0,0.5
497,498,Tepig,5,Fire,,Fire Pig Pokémon,0,63,45,45,45,65,45,308,0.5,9.9,88.1,45,1059860,0.5,1.0,1.0,1.0,0.5,1.0,0.5,1.0,1.0,0.5,2.0,0.5,1.0,1.0,1.0,2.0,0.5,2.0
500,501,Oshawott,5,Water,,Sea Otter Pokémon,0,55,63,45,45,55,45,308,0.5,5.9,88.1,45,1059860,1.0,1.0,1.0,2.0,1.0,1.0,0.5,1.0,1.0,2.0,1.0,0.5,1.0,1.0,1.0,1.0,0.5,0.5
501,502,Dewott,5,Water,,Discipline Pokémon,0,75,83,60,60,75,60,413,0.8,24.5,88.1,45,1059860,1.0,1.0,1.0,2.0,1.0,1.0,0.5,1.0,1.0,2.0,1.0,0.5,1.0,1.0,1.0,1.0,0.5,0.5
502,503,Samurott,5,Water,,Formidable Pokémon,0,100,108,85,70,95,70,528,1.5,94.6,88.1,45,1059860,1.0,1.0,1.0,2.0,1.0,1.0,0.5,1.0,1.0,2.0,1.0,0.5,1.0,1.0,1.0,1.0,0.5,0.5
503,504,Patrat,5,Normal,,Scout Pokémon,0,55,35,39,39,45,42,255,0.5,11.6,50.0,255,1000000,1.0,1.0,1.0,1.0,1.0,2.0,1.0,1.0,0.0,1.0,1.0,1.0,1.0,1.0,1.0,1.0,1.0,1.0
504,505,Watchog,5,Normal,,Lookout Pokémon,0,85,60,69,69,60,77,420,1.1,27.0,50.0,255,1000000,1.0,1.0,1.0,1.0,1.0,2.0,1.0,1.0,0.0,1.0,1.0,1.0,1.0,1.0,1.0,1.0,1.0,1.0
505,506,Lillipup,5,Normal,,Puppy Pokémon,0,60,25,45,45,45,55,275,0.4,4.1,50.0,255,1059860,1.0,1.0,1.0,1.0,1.0,2.0,1.0,1.0,0.0,1.0,1.0,1.0,1.0,1.0,1.0,1.0,1.0,1.0
506,507,Herdier,5,Normal,,Loyal Dog Pokémon,0,80,35,65,65,65,60,370,0.9,14.7,50.0,120,1059860,1.0,1.0,1.0,1.0,1.0,2.0,1.0,1.0,0.0,1.0,1.0,1.0,1.0,1.0,1.0,1.0,1.0,1.0
507,508,Stoutland,5,Normal,,Big-Hearted Pokémon,0,110,45,90,90,85,80,500,1.2,61.0,50.0,45,1059860,1.0,1.0,1.0,1.0,1.0,2.0,1.0,1.0,0.0,1.0,1.0,1.0,1.0,1.0,1.0,1.0,1.0,1.0
508,509,Purrloin,5,Dark,,Devious Pokémon,0,50,50,37,37,41,66,281,0.4,10.1,50.0,255,1000000,2.0,0.5,1.0,1.0,2.0,2.0,1.0,1.0,0.5,1.0,1.0,1.0,1.0,1.0,0.0,1.0,1.0,1.0
509,510,Liepard,5,Dark,,Cruel Pokémon,0,88,88,50,50,64,106,446,1.1,37.5,50.0,90,1000000,2.0,0.5,1.0,1.0,2.0,2.0,1.0,1.0,0.5,1.0,1.0,1.0,1.0,1.0,0.0,1.0,1.0,1.0
510,511,Pansage,5,Grass,,Grass Monkey Pokémon,0,53,53,48,48,50,64,316,0.6,10.5,88.1,190,1000000,2.0,1.0,1.0,0.5,1.0,1.0,2.0,2.0,1.0,0.5,0.5,2.0,1.0,2.0,1.0,1.0,1.0,0.5
511,512,Simisage,5,Grass,,Thorn Monkey Pokémon,0,98,98,63,63,75,101,498,1.1,30.5,88.1,75,1000000,2.0,1.0,1.0,0.5,1.0,1.0,2.0,2.0,1.0,0.5,0.5,2.0,1.0,2.0,1.0,1.0,1.0,0.5
512,513,Pansear,5,Fire,,High Temp Pokémon,0,53,53,48,48,50,64,316,0.6,11.0,88.1,190,1000000,0.5,1.0,1.0,1.0,0.5,1.0,0.5,1.0,1.0,0.5,2.0,0.5,1.0,1.0,1.0,2.0,0.5,2.0
513,514,Simisear,5,Fire,,Ember Pokémon,0,98,98,63,63,75,101,498,1.0,28.0,88.1,75,1000000,0.5,1.0,1.0,1.0,0.5,1.0,0.5,1.0,1.0,0.5,2.0,0.5,1.0,1.0,1.0,2.0,0.5,2.0
514,515,Panpour,5,Water,,Spray Pokémon,0,53,53,48,48,50,64,316,0.6,13.5,88.1,190,1000000,1.0,1.0,1.0,2.0,1.0,1.0,0.5,1.0,1.0,2.0,1.0,0.5,1.0,1.0,1.0,1.0,0.5,0.5
515,516,Simipour,5,Water,,Geyser Pokémon,0,98,98,63,63,75,101,498,1.0,29.0,88.1,75,1000000,1.0,1.0,1.0,2.0,1.0,1.0,0.5,1.0,1.0,2.0,1.0,0.5,1.0,1.0,1.0,1.0,0.5,0.5
516,517,Munna,5,Psychic,,Dream Eater Pokémon,0,25,67,45,55,76,24,292,0.6,23.3,50.0,190,800000,2.0,2.0,1.0,1.0,1.0,0.5,1.0,1.0,2.0,1.0,1.0,1.0,1.0,1.0,0.5,1.0,1.0,1.0
517,518,Musharna,5,Psychic,,Drowsing Pokémon,0,55,107,85,95,116,29,487,1.1,60.5,50.0,75,800000,2.0,2.0,1.0,1.0,1.0,0.5,1.0,1.0,2.0,1.0,1.0,1.0,1.0,1.0,0.5,1.0,1.0,1.0
521,522,Blitzle,5,Electric,,Electrified Pokémon,0,60,50,32,32,45,76,295,0.8,29.8,50.0,190,1000000,1.0,1.0,1.0,0.5,1.0,1.0,1.0,0.5,1.0,1.0,2.0,1.0,1.0,1.0,1.0,1.0,0.5,1.0
522,523,Zebstrika,5,Electric,,Thunderbolt Pokémon,0,100,80,63,63,75,116,497,1.6,79.5,50.0,75,1000000,1.0,1.0,1.0,0.5,1.0,1.0,1.0,0.5,1.0,1.0,2.0,1.0,1.0,1.0,1.0,1.0,0.5,1.0
523,524,Roggenrola,5,Rock,,Mantle Pokémon,0,75,25,85,25,55,15,280,0.4,18.0,50.0,255,1059860,1.0,1.0,1.0,1.0,1.0,2.0,0.5,0.5,1.0,2.0,2.0,1.0,0.5,0.5,1.0,1.0,2.0,2.0
524,525,Boldore,5,Rock,,Ore Pokémon,0,105,50,105,40,70,20,390,0.9,102.0,50.0,120,1059860,1.0,1.0,1.0,1.0,1.0,2.0,0.5,0.5,1.0,2.0,2.0,1.0,0.5,0.5,1.0,1.0,2.0,2.0
525,526,Gigalith,5,Rock,,Compressed Pokémon,0,135,60,130,80,85,25,515,1.7,260.0,50.0,45,1059860,1.0,1.0,1.0,1.0,1.0,2.0,0.5,0.5,1.0,2.0,2.0,1.0,0.5,0.5,1.0,1.0,2.0,2.0
528,529,Drilbur,5,Ground,,Mole Pokémon,0,85,30,40,45,60,68,328,0.3,8.5,50.0,120,1000000,1.0,1.0,1.0,0.0,1.0,1.0,1.0,1.0,1.0,2.0,1.0,2.0,1.0,0.5,1.0,0.5,1.0,2.0
530,531,Audino,5,Normal,,Hearing Pokémon,0,60,80,126,126,103,50,545,1.1,31.0,50.0,255,800000,1.0,1.0,1.0,1.0,1.0,2.0,1.0,1.0,0.0,1.0,1.0,1.0,1.0,1.0,1.0,1.0,1.0,1.0
531,532,Timburr,5,Fighting,,Muscular Pokémon,0,80,25,55,35,75,35,305,0.6,12.5,75.4,180,1059860,0.5,0.5,1.0,1.0,2.0,1.0,1.0,2.0,1.0,1.0,1.0,1.0,1.0,1.0,2.0,0.5,1.0,1.0
532,533,Gurdurr,5,Fighting,,Muscular Pokémon,0,105,40,85,50,85,40,405,1.2,40.0,75.4,90,1059860,0.5,0.5,1.0,1.0,2.0,1.0,1.0,2.0,1.0,1.0,1.0,1.0,1.0,1.0,2.0,0.5,1.0,1.0
533,534,Conkeldurr,5,Fighting,,Muscular Pokémon,0,140,55,95,65,105,45,505,1.4,87.0,75.4,45,1059860,0.5,0.5,1.0,1.0,2.0,1.0,1.0,2.0,1.0,1.0,1.0,1.0,1.0,1.0,2.0,0.5,1.0,1.0
534,535,Tympole,5,Water,,Tadpole Pokémon,0,50,50,40,40,50,64,294,0.5,4.5,50.0,255,1059860,1.0,1.0,1.0,2.0,1.0,1.0,0.5,1.0,1.0,2.0,1.0,0.5,1.0,1.0,1.0,1.0,0.5,0.5
537,538,Throh,5,Fighting,,Judo Pokémon,0,100,30,85,85,120,45,465,1.3,55.5,100.0,45,1000000,0.5,0.5,1.0,1.0,2.0,1.0,1.0,2.0,1.0,1.0,1.0,1.0,1.0,1.0,2.0,0.5,1.0,1.0
538,539,Sawk,5,Fighting,,Karate Pokémon,0,125,30,75,75,75,85,465,1.4,51.0,100.0,45,1000000,0.5,0.5,1.0,1.0,2.0,1.0,1.0,2.0,1.0,1.0,1.0,1.0,1.0,1.0,2.0,0.5,1.0,1.0
547,548,Petilil,5,Grass,,Bulb Pokémon,0,35,70,50,50,45,30,280,0.5,6.6,0.0,190,1000000,2.0,1.0,1.0,0.5,1.0,1.0,2.0,2.0,1.0,0.5,0.5,2.0,1.0,2.0,1.0,1.0,1.0,0.5
548,549,Lilligant,5,Grass,,Flowering Pokémon,0,60,110,75,75,70,90,480,1.1,16.3,0.0,75,1000000,2.0,1.0,1.0,0.5,1.0,1.0,2.0,2.0,1.0,0.5,0.5,2.0,1.0,2.0,1.0,1.0,1.0,0.5
549,550,Basculin,5,Water,,Hostile Pokémon,0,92,80,65,55,70,98,460,1.0,18.0,50.0,25,1000000,1.0,1.0,1.0,2.0,1.0,1.0,0.5,1.0,1.0,2.0,1.0,0.5,1.0,1.0,1.0,1.0,0.5,0.5
553,554,Darumaka,5,Fire,,Zen Charm Pokémon,0,90,15,45,45,70,50,315,0.6,37.5,50.0,120,1059860,0.5,1.0,1.0,1.0,0.5,1.0,0.5,1.0,1.0,0.5,2.0,0.5,1.0,1.0,1.0,2.0,0.5,2.0
555,556,Maractus,5,Grass,,Cactus Pokémon,0,86,106,67,67,75,60,461,1.0,28.0,50.0,255,1000000,2.0,1.0,1.0,0.5,1.0,1.0,2.0,2.0,1.0,0.5,0.5,2.0,1.0,2.0,1.0,1.0,1.0,0.5
561,562,Yamask,5,Ghost,,Spirit Pokémon,0,30,55,85,65,38,30,303,0.5,1.5,50.0,190,1000000,0.5,2.0,1.0,1.0,1.0,0.0,1.0,1.0,2.0,1.0,1.0,1.0,0.0,0.5,1.0,1.0,1.0,1.0
562,563,Cofagrigus,5,Ghost,,Coffin Pokémon,0,50,95,145,105,58,30,483,1.7,76.5,50.0,90,1000000,0.5,2.0,1.0,1.0,1.0,0.0,1.0,1.0,2.0,1.0,1.0,1.0,0.0,0.5,1.0,1.0,1.0,1.0
567,568,Trubbish,5,Poison,,Trash Bag Pokémon,0,50,40,62,62,50,65,329,0.6,31.0,50.0,190,1000000,0.5,1.0,1.0,1.0,0.5,0.5,1.0,1.0,1.0,0.5,2.0,1.0,1.0,0.5,2.0,1.0,1.0,1.0
568,569,Garbodor,5,Poison,,Trash Heap Pokémon,0,95,60,82,82,80,75,474,1.9,107.3,50.0,60,1000000,0.5,1.0,1.0,1.0,0.5,0.5,1.0,1.0,1.0,0.5,2.0,1.0,1.0,0.5,2.0,1.0,1.0,1.0
569,570,Zorua,5,Dark,,Tricky Fox Pokémon,0,65,80,40,40,40,65,330,0.7,12.5,88.1,75,1059860,2.0,0.5,1.0,1.0,2.0,2.0,1.0,1.0,0.5,1.0,1.0,1.0,1.0,1.0,0.0,1.0,1.0,1.0
570,571,Zoroark,5,Dark,,Illusion Fox Pokémon,0,105,120,60,60,60,105,510,1.6,81.1,88.1,45,1059860,2.0,0.5,1.0,1.0,2.0,2.0,1.0,1.0,0.5,1.0,1.0,1.0,1.0,1.0,0.0,1.0,1.0,1.0
571,572,Minccino,5,Normal,,Chinchilla Pokémon,0,50,40,40,40,55,75,300,0.4,5.8,24.6,255,800000,1.0,1.0,1.0,1.0,1.0,2.0,1.0,1.0,0.0,1.0,1.0,1.0,1.0,1.0,1.0,1.0,1.0,1.0
572,573,Cinccino,5,Normal,,Scarf Pokémon,0,95,65,60,60,75,115,470,0.5,7.5,24.6,60,800000,1.0,1.0,1.0,1.0,1.0,2.0,1.0,1.0,0.0,1.0,1.0,1.0,1.0,1.0,1.0,1.0,1.0,1.0
573,574,Gothita,5,Psychic,,Fixation Pokémon,0,30,55,50,65,45,45,290,0.4,5.8,24.6,200,1059860,2.0,2.0,1.0,1.0,1.0,0.5,1.0,1.0,2.0,1.0,1.0,1.0,1.0,1.0,0.5,1.0,1.0,1.0
574,575,Gothorita,5,Psychic,,Manipulate Pokémon,0,45,75,70,85,60,55,390,0.7,18.0,24.6,100,1059860,2.0,2.0,1.0,1.0,1.0,0.5,1.0,1.0,2.0,1.0,1.0,1.0,1.0,1.0,0.5,1.0,1.0,1.0
575,576,Gothitelle,5,Psychic,,Astral Body Pokémon,0,55,95,95,110,70,65,490,1.5,44.0,24.6,50,1059860,2.0,2.0,1.0,1.0,1.0,0.5,1.0,1.0,2.0,1.0,1.0,1.0,1.0,1.0,0.5,1.0,1.0,1.0
576,577,Solosis,5,Psychic,,Cell Pokémon,0,30,105,40,50,45,20,290,0.3,1.0,50.0,200,1059860,2.0,2.0,1.0,1.0,1.0,0.5,1.0,1.0,2.0,1.0,1.0,1.0,1.0,1.0,0.5,1.0,1.0,1.0
577,578,Duosion,5,Psychic,,Mitosis Pokémon,0,40,125,50,60,65,30,370,0.6,8.0,50.0,100,1059860,2.0,2.0,1.0,1.0,1.0,0.5,1.0,1.0,2.0,1.0,1.0,1.0,1.0,1.0,0.5,1.0,1.0,1.0
578,579,Reuniclus,5,Psychic,,Multiplying Pokémon,0,65,125,75,85,110,30,490,1.0,20.1,50.0,50,1059860,2.0,2.0,1.0,1.0,1.0,0.5,1.0,1.0,2.0,1.0,1.0,1.0,1.0,1.0,0.5,1.0,1.0,1.0
581,582,Vanillite,5,Ice,,Fresh Snow Pokémon,0,50,65,50,60,36,44,305,0.4,5.7,50.0,255,1250000,1.0,1.0,1.0,1.0,1.0,2.0,2.0,1.0,1.0,1.0,1.0,0.5,1.0,1.0,1.0,2.0,2.0,1.0
582,583,Vanillish,5,Ice,,Icy Snow Pokémon,0,65,80,65,75,51,59,395,1.1,41.0,50.0,120,1250000,1.0,1.0,1.0,1.0,1.0,2.0,2.0,1.0,1.0,1.0,1.0,0.5,1.0,1.0,1.0,2.0,2.0,1.0
583,584,Vanilluxe,5,Ice,,Snowstorm Pokémon,0,95,110,85,95,71,79,535,1.3,57.5,50.0,45,1250000,1.0,1.0,1.0,1.0,1.0,2.0,2.0,1.0,1.0,1.0,1.0,0.5,1.0,1.0,1.0,2.0,2.0,1.0
587,588,Karrablast,5,Bug,,Clamping Pokémon,0,75,40,45,45,50,60,315,0.5,5.9,50.0,200,1000000,1.0,1.0,1.0,1.0,1.0,0.5,2.0,2.0,1.0,0.5,0.5,1.0,1.0,1.0,1.0,2.0,1.0,1.0
593,594,Alomomola,5,Water,,Caring Pokémon,0,75,40,80,45,165,65,470,1.2,31.6,50.0,75,800000,1.0,1.0,1.0,2.0,1.0,1.0,0.5,1.0,1.0,2.0,1.0,0.5,1.0,1.0,1.0,1.0,0.5,0.5
598,599,Klink,5,Steel,,Gear Pokémon,0,55,45,70,60,40,30,300,0.3,21.0,,130,1059860,0.5,1.0,0.5,1.0,0.5,2.0,2.0,0.5,1.0,0.5,2.0,0.5,0.5,0.0,0.5,0.5,0.5,1.0
599,600,Klang,5,Steel,,Gear Pokémon,0,80,70,95,85,60,50,440,0.6,51.0,,60,1059860,0.5,1.0,0.5,1.0,0.5,2.0,2.0,0.5,1.0,0.5,2.0,0.5,0.5,0.0,0.5,0.5,0.5,1.0
600,601,Klinklang,5,Steel,,Gear Pokémon,0,100,70,115,85,60,90,520,0.6,81.0,,30,1059860,0.5,1.0,0.5,1.0,0.5,2.0,2.0,0.5,1.0,0.5,2.0,0.5,0.5,0.0,0.5,0.5,0.5,1.0
601,602,Tynamo,5,Electric,,EleFish Pokémon,0,55,45,40,40,35,60,275,0.2,0.3,50.0,190,1250000,1.0,1.0,1.0,0.5,1.0,1.0,1.0,0.5,1.0,1.0,2.0,1.0,1.0,1.0,1.0,1.0,0.5,1.0
602,603,Eelektrik,5,Electric,,EleFish Pokémon,0,85,75,70,70,65,40,405,1.2,22.0,50.0,60,1250000,1.0,1.0,1.0,0.5,1.0,1.0,1.0,0.5,1.0,1.0,2.0,1.0,1.0,1.0,1.0,1.0,0.5,1.0
603,604,Eelektross,5,Electric,,EleFish Pokémon,0,115,105,80,80,85,50,515,2.1,80.5,50.0,30,1250000,1.0,1.0,1.0,0.5,1.0,1.0,1.0,0.5,1.0,1.0,2.0,1.0,1.0,1.0,1.0,1.0,0.5,1.0
604,605,Elgyem,5,Psychic,,Cerebral Pokémon,0,55,85,55,55,55,30,335,0.5,9.0,50.0,255,1000000,2.0,2.0,1.0,1.0,1.0,0.5,1.0,1.0,2.0,1.0,1.0,1.0,1.0,1.0,0.5,1.0,1.0,1.0
605,606,Beheeyem,5,Psychic,,Cerebral Pokémon,0,75,125,75,95,75,40,485,1.0,34.5,50.0,90,1000000,2.0,2.0,1.0,1.0,1.0,0.5,1.0,1.0,2.0,1.0,1.0,1.0,1.0,1.0,0.5,1.0,1.0,1.0
609,610,Axew,5,Dragon,,Tusk Pokémon,0,87,30,60,40,46,57,320,0.6,18.0,50.0,75,1250000,1.0,1.0,2.0,0.5,2.0,1.0,0.5,1.0,1.0,0.5,1.0,2.0,1.0,1.0,1.0,1.0,1.0,0.5
610,611,Fraxure,5,Dragon,,Axe Jaw Pokémon,0,117,40,70,50,66,67,410,1.0,36.0,50.0,60,1250000,1.0,1.0,2.0,0.5,2.0,1.0,0.5,1.0,1.0,0.5,1.0,2.0,1.0,1.0,1.0,1.0,1.0,0.5
611,612,Haxorus,5,Dragon,,Axe Jaw Pokémon,0,147,60,90,70,76,97,540,1.8,105.5,50.0,45,1250000,1.0,1.0,2.0,0.5,2.0,1.0,0.5,1.0,1.0,0.5,1.0,2.0,1.0,1.0,1.0,1.0,1.0,0.5
612,613,Cubchoo,5,Ice,,Chill Pokémon,0,70,60,40,40,55,40,305,0.5,8.5,50.0,120,1000000,1.0,1.0,1.0,1.0,1.0,2.0,2.0,1.0,1.0,1.0,1.0,0.5,1.0,1.0,1.0,2.0,2.0,1.0
613,614,Beartic,5,Ice,,Freezing Pokémon,0,130,70,80,80,95,50,505,2.6,260.0,50.0,60,1000000,1.0,1.0,1.0,1.0,1.0,2.0,2.0,1.0,1.0,1.0,1.0,0.5,1.0,1.0,1.0,2.0,2.0,1.0
614,615,Cryogonal,5,Ice,,Crystallizing Pokémon,0,50,95,50,135,80,105,515,1.1,148.0,,25,1000000,1.0,1.0,1.0,1.0,1.0,2.0,2.0,1.0,1.0,1.0,1.0,0.5,1.0,1.0,1.0,2.0,2.0,1.0
615,616,Shelmet,5,Bug,,Snail Pokémon,0,40,40,85,65,50,25,305,0.4,7.7,50.0,200,1000000,1.0,1.0,1.0,1.0,1.0,0.5,2.0,2.0,1.0,0.5,0.5,1.0,1.0,1.0,1.0,2.0,1.0,1.0
616,617,Accelgor,5,Bug,,Shell Out Pokémon,0,70,100,40,60,80,145,495,0.8,25.3,50.0,75,1000000,1.0,1.0,1.0,1.0,1.0,0.5,2.0,2.0,1.0,0.5,0.5,1.0,1.0,1.0,1.0,2.0,1.0,1.0
618,619,Mienfoo,5,Fighting,,Martial Arts Pokémon,0,85,55,50,50,45,65,350,0.9,20.0,50.0,180,1059860,0.5,0.5,1.0,1.0,2.0,1.0,1.0,2.0,1.0,1.0,1.0,1.0,1.0,1.0,2.0,0.5,1.0,1.0
619,620,Mienshao,5,Fighting,,Martial Arts Pokémon,0,125,95,60,60,65,105,510,1.4,35.5,50.0,45,1059860,0.5,0.5,1.0,1.0,2.0,1.0,1.0,2.0,1.0,1.0,1.0,1.0,1.0,1.0,2.0,0.5,1.0,1.0
620,621,Druddigon,5,Dragon,,Cave Pokémon,0,120,60,90,90,77,48,485,1.6,139.0,50.0,45,1000000,1.0,1.0,2.0,0.5,2.0,1.0,0.5,1.0,1.0,0.5,1.0,2.0,1.0,1.0,1.0,1.0,1.0,0.5
625,626,Bouffalant,5,Normal,,Bash Buffalo Pokémon,0,110,40,95,95,95,55,490,1.6,94.6,50.0,45,1000000,1.0,1.0,1.0,1.0,1.0,2.0,1.0,1.0,0.0,1.0,1.0,1.0,1.0,1.0,1.0,1.0,1.0,1.0
630,631,Heatmor,5,Fire,,Anteater Pokémon,0,97,105,66,66,85,65,484,1.4,58.0,50.0,90,1000000,0.5,1.0,1.0,1.0,0.5,1.0,0.5,1.0,1.0,0.5,2.0,0.5,1.0,1.0,1.0,2.0,0.5,2.0
640,641,Tornadus,5,Flying,,Cyclone Pokémon,1,100,110,80,90,79,121,580,1.5,63.0,100.0,3,1250000,0.5,1.0,1.0,2.0,1.0,0.5,1.0,1.0,1.0,0.5,0.0,2.0,1.0,1.0,1.0,2.0,1.0,1.0
649,650,Chespin,6,Grass,,Spiky Nut Pokémon,0,61,48,65,45,56,38,313,0.4,9.0,88.1,45,1059860,2.0,1.0,1.0,0.5,1.0,1.0,2.0,2.0,1.0,0.5,0.5,2.0,1.0,2.0,1.0,1.0,1.0,0.5
650,651,Quilladin,6,Grass,,Spiny Armor Pokémon,0,78,56,95,58,61,57,405,0.7,29.0,88.1,45,1059860,2.0,1.0,1.0,0.5,1.0,1.0,2.0,2.0,1.0,0.5,0.5,2.0,1.0,2.0,1.0,1.0,1.0,0.5
652,653,Fennekin,6,Fire,,Fox Pokémon,0,45,62,40,60,40,60,307,0.4,9.4,88.1,45,1059860,0.5,1.0,1.0,1.0,0.5,1.0,0.5,1.0,1.0,0.5,2.0,0.5,1.0,1.0,1.0,2.0,0.5,2.0
653,654,Braixen,6,Fire,,Fox Pokémon,0,59,90,58,70,59,73,409,1.0,14.5,88.1,45,1059860,0.5,1.0,1.0,1.0,0.5,1.0,0.5,1.0,1.0,0.5,2.0,0.5,1.0,1.0,1.0,2.0,0.5,2.0
655,656,Froakie,6,Water,,Bubble Frog Pokémon,0,56,62,40,44,41,71,314,0.3,7.0,88.1,45,1059860,1.0,1.0,1.0,2.0,1.0,1.0,0.5,1.0,1.0,2.0,1.0,0.5,1.0,1.0,1.0,1.0,0.5,0.5
656,657,Frogadier,6,Water,,Bubble Frog Pokémon,0,63,83,52,56,54,97,405,0.6,10.9,88.1,45,1059860,1.0,1.0,1.0,2.0,1.0,1.0,0.5,1.0,1.0,2.0,1.0,0.5,1.0,1.0,1.0,1.0,0.5,0.5
658,659,Bunnelby,6,Normal,,Digging Pokémon,0,36,32,38,36,38,57,237,0.4,5.0,50.0,255,1000000,1.0,1.0,1.0,1.0,1.0,2.0,1.0,1.0,0.0,1.0,1.0,1.0,1.0,1.0,1.0,1.0,1.0,1.0
663,664,Scatterbug,6,Bug,,Scatterdust Pokémon,0,35,27,40,25,38,35,200,0.3,2.5,50.0,255,1000000,1.0,1.0,1.0,1.0,1.0,0.5,2.0,2.0,1.0,0.5,0.5,1.0,1.0,1.0,1.0,2.0,1.0,1.0
664,665,Spewpa,6,Bug,,Scatterdust Pokémon,0,22,27,60,30,45,29,213,0.3,8.4,50.0,120,1000000,1.0,1.0,1.0,1.0,1.0,0.5,2.0,2.0,1.0,0.5,0.5,1.0,1.0,1.0,1.0,2.0,1.0,1.0
668,669,Flabébé,6,Fairy,,Single Bloom Pokémon,0,38,61,39,79,44,42,303,0.1,0.1,0.0,225,1000000,0.5,0.5,0.0,1.0,1.0,0.5,1.0,1.0,1.0,1.0,1.0,1.0,1.0,2.0,1.0,1.0,2.0,1.0
669,670,Floette,6,Fairy,,Fairy Pokémon,0,65,125,67,128,74,92,551,0.2,0.9,0.0,120,1000000,0.5,0.5,0.0,1.0,1.0,0.5,1.0,1.0,1.0,1.0,1.0,1.0,1.0,2.0,1.0,1.0,2.0,1.0
670,671,Florges,6,Fairy,,Garden Pokémon,0,65,112,68,154,78,75,552,1.1,10.0,0.0,45,1000000,0.5,0.5,0.0,1.0,1.0,0.5,1.0,1.0,1.0,1.0,1.0,1.0,1.0,2.0,1.0,1.0,2.0,1.0
671,672,Skiddo,6,Grass,,Mount Pokémon,0,65,62,48,57,66,52,350,0.9,31.0,50.0,200,1000000,2.0,1.0,1.0,0.5,1.0,1.0,2.0,2.0,1.0,0.5,0.5,2.0,1.0,2.0,1.0,1.0,1.0,0.5
672,673,Gogoat,6,Grass,,Mount Pokémon,0,100,97,62,81,123,68,531,1.7,91.0,50.0,45,1000000,2.0,1.0,1.0,0.5,1.0,1.0,2.0,2.0,1.0,0.5,0.5,2.0,1.0,2.0,1.0,1.0,1.0,0.5
673,674,Pancham,6,Fighting,,Playful Pokémon,0,82,46,62,48,67,43,348,0.6,8.0,50.0,220,1000000,0.5,0.5,1.0,1.0,2.0,1.0,1.0,2.0,1.0,1.0,1.0,1.0,1.0,1.0,2.0,0.5,1.0,1.0
675,676,Furfrou,6,Normal,,Poodle Pokémon,0,80,65,60,90,75,102,472,1.2,28.0,50.0,160,1000000,1.0,1.0,1.0,1.0,1.0,2.0,1.0,1.0,0.0,1.0,1.0,1.0,1.0,1.0,1.0,1.0,1.0,1.0
676,677,Espurr,6,Psychic,,Restraint Pokémon,0,48,63,54,60,62,68,355,0.3,3.5,50.0,190,1000000,2.0,2.0,1.0,1.0,1.0,0.5,1.0,1.0,2.0,1.0,1.0,1.0,1.0,1.0,0.5,1.0,1.0,1.0
677,678,Meowstic,6,Psychic,,Constraint Pokémon,0,48,83,76,81,74,104,466,0.6,8.5,50.0,75,1000000,2.0,2.0,1.0,1.0,1.0,0.5,1.0,1.0,2.0,1.0,1.0,1.0,1.0,1.0,0.5,1.0,1.0,1.0
681,682,Spritzee,6,Fairy,,Perfume Pokémon,0,52,63,60,65,78,23,341,0.2,0.5,50.0,200,1000000,0.5,0.5,0.0,1.0,1.0,0.5,1.0,1.0,1.0,1.0,1.0,1.0,1.0,2.0,1.0,1.0,2.0,1.0
682,683,Aromatisse,6,Fairy,,Fragrance Pokémon,0,72,99,72,89,101,29,462,0.8,15.5,50.0,140,1000000,0.5,0.5,0.0,1.0,1.0,0.5,1.0,1.0,1.0,1.0,1.0,1.0,1.0,2.0,1.0,1.0,2.0,1.0
683,684,Swirlix,6,Fairy,,Cotton Candy Pokémon,0,48,59,66,57,62,49,341,0.4,3.5,50.0,200,1000000,0.5,0.5,0.0,1.0,1.0,0.5,1.0,1.0,1.0,1.0,1.0,1.0,1.0,2.0,1.0,1.0,2.0,1.0
684,685,Slurpuff,6,Fairy,,Meringue Pokémon,0,80,85,86,75,82,72,480,0.8,5.0,50.0,140,1000000,0.5,0.5,0.0,1.0,1.0,0.5,1.0,1.0,1.0,1.0,1.0,1.0,1.0,2.0,1.0,1.0,2.0,1.0
691,692,Clauncher,6,Water,,Water Gun Pokémon,0,53,58,62,63,50,44,330,0.5,8.3,50.0,225,1250000,1.0,1.0,1.0,2.0,1.0,1.0,0.5,1.0,1.0,2.0,1.0,0.5,1.0,1.0,1.0,1.0,0.5,0.5
692,693,Clawitzer,6,Water,,Howitzer Pokémon,0,73,120,88,89,71,59,500,1.3,35.3,50.0,55,1250000,1.0,1.0,1.0,2.0,1.0,1.0,0.5,1.0,1.0,2.0,1.0,0.5,1.0,1.0,1.0,1.0,0.5,0.5
699,700,Sylveon,6,Fairy,,Intertwining Pokémon,0,65,110,65,130,95,60,525,1.0,23.5,88.1,45,1000000,0.5,0.5,0.0,1.0,1.0,0.5,1.0,1.0,1.0,1.0,1.0,1.0,1.0,2.0,1.0,1.0,2.0,1.0
703,704,Goomy,6,Dragon,,Soft Tissue Pokémon,0,50,55,35,75,45,40,300,0.3,2.8,50.0,45,1250000,1.0,1.0,2.0,0.5,2.0,1.0,0.5,1.0,1.0,0.5,1.0,2.0,1.0,1.0,1.0,1.0,1.0,0.5
704,705,Sliggoo,6,Dragon,,Soft Tissue Pokémon,0,75,83,53,113,68,60,452,0.8,17.5,50.0,45,1250000,1.0,1.0,2.0,0.5,2.0,1.0,0.5,1.0,1.0,0.5,1.0,2.0,1.0,1.0,1.0,1.0,1.0,0.5
705,706,Goodra,6,Dragon,,Dragon Pokémon,0,100,110,70,150,90,80,600,2.0,150.5,50.0,45,1250000,1.0,1.0,2.0,0.5,2.0,1.0,0.5,1.0,1.0,0.5,1.0,2.0,1.0,1.0,1.0,1.0,1.0,0.5
711,712,Bergmite,6,Ice,,Ice Chunk Pokémon,0,69,32,85,35,55,28,304,1.0,99.5,50.0,190,1000000,1.0,1.0,1.0,1.0,1.0,2.0,2.0,1.0,1.0,1.0,1.0,0.5,1.0,1.0,1.0,2.0,2.0,1.0
712,713,Avalugg,6,Ice,,Iceberg Pokémon,0,117,44,184,46,95,28,514,2.0,505.0,50.0,55,1000000,1.0,1.0,1.0,1.0,1.0,2.0,2.0,1.0,1.0,1.0,1.0,0.5,1.0,1.0,1.0,2.0,2.0,1.0
715,716,Xerneas,6,Fairy,,Life Pokémon,1,131,131,95,98,126,99,680,3.0,215.0,,45,1250000,0.5,0.5,0.0,1.0,1.0,0.5,1.0,1.0,1.0,1.0,1.0,1.0,1.0,2.0,1.0,1.0,2.0,1.0
724,725,Litten,7,Fire,,Fire Cat Pokémon,0,65,60,40,40,45,70,320,0.4,4.3,88.1,45,1059860,0.5,1.0,1.0,1.0,0.5,1.0,0.5,1.0,1.0,0.5,2.0,0.5,1.0,1.0,1.0,2.0,0.5,2.0
725,726,Torracat,7,Fire,,Fire Cat Pokémon,0,85,80,50,50,65,90,420,0.7,25.0,88.1,45,1059860,0.5,1.0,1.0,1.0,0.5,1.0,0.5,1.0,1.0,0.5,2.0,0.5,1.0,1.0,1.0,2.0,0.5,2.0
727,728,Popplio,7,Water,,Sea Lion Pokémon,0,54,66,54,56,50,40,320,0.4,7.5,88.1,45,1059860,1.0,1.0,1.0,2.0,1.0,1.0,0.5,1.0,1.0,2.0,1.0,0.5,1.0,1.0,1.0,1.0,0.5,0.5
728,729,Brionne,7,Water,,Pop Star Pokémon,0,69,91,69,81,60,50,420,0.6,17.5,88.1,45,1059860,1.0,1.0,1.0,2.0,1.0,1.0,0.5,1.0,1.0,2.0,1.0,0.5,1.0,1.0,1.0,1.0,0.5,0.5
733,734,Yungoos,7,Normal,,Loitering Pokémon,0,70,30,30,30,48,45,253,0.4,6.0,50.0,255,1000000,1.0,1.0,1.0,1.0,1.0,2.0,1.0,1.0,0.0,1.0,1.0,1.0,1.0,1.0,1.0,1.0,1.0,1.0
734,735,Gumshoos,7,Normal,,Stakeout Pokémon,0,110,55,60,60,88,45,418,0.7,14.2,50.0,127,1000000,1.0,1.0,1.0,1.0,1.0,2.0,1.0,1.0,0.0,1.0,1.0,1.0,1.0,1.0,1.0,1.0,1.0,1.0
735,736,Grubbin,7,Bug,,Larva Pokémon,0,62,55,45,45,47,46,300,0.4,4.4,50.0,255,1000000,1.0,1.0,1.0,1.0,1.0,0.5,2.0,2.0,1.0,0.5,0.5,1.0,1.0,1.0,1.0,2.0,1.0,1.0
738,739,Crabrawler,7,Fighting,,Boxing Pokémon,0,82,42,57,47,47,63,338,0.6,7.0,50.0,225,1000000,0.5,0.5,1.0,1.0,2.0,1.0,1.0,2.0,1.0,1.0,1.0,1.0,1.0,1.0,2.0,0.5,1.0,1.0
743,744,Rockruff,7,Rock,,Puppy Pokémon,0,65,30,40,40,45,60,280,0.5,9.2,50.0,190,1000000,1.0,1.0,1.0,1.0,1.0,2.0,0.5,0.5,1.0,2.0,2.0,1.0,0.5,0.5,1.0,1.0,2.0,2.0
744,745,Lycanroc,7,Rock,,Wolf Pokémon,0,115,55,75,75,85,82,487,,,50.0,90,1000000,1.0,1.0,1.0,1.0,1.0,2.0,0.5,0.5,1.0,2.0,2.0,1.0,0.5,0.5,1.0,1.0,2.0,2.0
745,746,Wishiwashi,7,Water,,Small Fry Pokémon,0,140,140,130,135,45,30,620,0.2,0.3,50.0,60,800000,1.0,1.0,1.0,2.0,1.0,1.0,0.5,1.0,1.0,2.0,1.0,0.5,1.0,1.0,1.0,1.0,0.5,0.5
748,749,Mudbray,7,Ground,,Donkey Pokémon,0,100,45,70,55,70,45,385,1.0,110.0,50.0,190,1000000,1.0,1.0,1.0,0.0,1.0,1.0,1.0,1.0,1.0,2.0,1.0,2.0,1.0,0.5,1.0,0.5,1.0,2.0
749,750,Mudsdale,7,Ground,,Draft Horse Pokémon,0,125,55,100,85,100,35,500,2.5,920.0,50.0,60,1000000,1.0,1.0,1.0,0.0,1.0,1.0,1.0,1.0,1.0,2.0,1.0,2.0,1.0,0.5,1.0,0.5,1.0,2.0
752,753,Fomantis,7,Grass,,Sickle Grass Pokémon,0,55,50,35,35,40,35,250,0.3,1.5,50.0,190,1000000,2.0,1.0,1.0,0.5,1.0,1.0,2.0,2.0,1.0,0.5,0.5,2.0,1.0,2.0,1.0,1.0,1.0,0.5
753,754,Lurantis,7,Grass,,Bloom Sickle Pokémon,0,105,80,90,90,70,45,480,0.9,18.5,50.0,75,1000000,2.0,1.0,1.0,0.5,1.0,1.0,2.0,2.0,1.0,0.5,0.5,2.0,1.0,2.0,1.0,1.0,1.0,0.5
760,761,Bounsweet,7,Grass,,Fruit Pokémon,0,30,30,38,38,42,32,210,0.3,3.2,0.0,235,1059860,2.0,1.0,1.0,0.5,1.0,1.0,2.0,2.0,1.0,0.5,0.5,2.0,1.0,2.0,1.0,1.0,1.0,0.5
761,762,Steenee,7,Grass,,Fruit Pokémon,0,40,40,48,48,52,62,290,0.7,8.2,0.0,120,1059860,2.0,1.0,1.0,0.5,1.0,1.0,2.0,2.0,1.0,0.5,0.5,2.0,1.0,2.0,1.0,1.0,1.0,0.5
762,763,Tsareena,7,Grass,,Fruit Pokémon,0,120,50,98,98,72,72,510,1.2,21.4,0.0,45,1059860,2.0,1.0,1.0,0.5,1.0,1.0,2.0,2.0,1.0,0.5,0.5,2.0,1.0,2.0,1.0,1.0,1.0,0.5
763,764,Comfey,7,Fairy,,Posy Picker Pokémon,0,52,82,90,110,51,100,485,0.1,0.3,24.6,60,800000,0.5,0.5,0.0,1.0,1.0,0.5,1.0,1.0,1.0,1.0,1.0,1.0,1.0,2.0,1.0,1.0,2.0,1.0
765,766,Passimian,7,Fighting,,Teamwork Pokémon,0,120,40,90,60,100,80,490,2.0,82.8,50.0,45,1250000,0.5,0.5,1.0,1.0,2.0,1.0,1.0,2.0,1.0,1.0,1.0,1.0,1.0,1.0,2.0,0.5,1.0,1.0
770,771,Pyukumuku,7,Water,,Sea Cucumber Pokémon,0,60,30,130,130,55,5,410,0.3,1.2,50.0,60,800000,1.0,1.0,1.0,2.0,1.0,1.0,0.5,1.0,1.0,2.0,1.0,0.5,1.0,1.0,1.0,1.0,0.5,0.5
771,772,Type: Null,7,Normal,,Synthetic Pokémon,0,95,95,95,95,95,59,534,1.9,120.5,,3,1250000,1.0,1.0,1.0,1.0,1.0,2.0,1.0,1.0,0.0,1.0,1.0,1.0,1.0,1.0,1.0,1.0,1.0,1.0
772,773,Silvally,7,Normal,,Synthetic Pokémon,0,95,95,95,95,95,95,570,2.3,100.5,,3,1250000,1.0,1.0,1.0,1.0,1.0,2.0,1.0,1.0,0.0,1.0,1.0,1.0,1.0,1.0,1.0,1.0,1.0,1.0
774,775,Komala,7,Normal,,Drowsing Pokémon,0,115,75,65,95,65,65,480,0.4,19.9,50.0,45,1250000,1.0,1.0,1.0,1.0,1.0,2.0,1.0,1.0,0.0,1.0,1.0,1.0,1.0,1.0,1.0,1.0,1.0,1.0
781,782,Jangmo-o,7,Dragon,,Scaly Pokémon,0,55,45,65,45,45,45,300,0.6,29.7,50.0,45,1250000,1.0,1.0,2.0,0.5,2.0,1.0,0.5,1.0,1.0,0.5,1.0,2.0,1.0,1.0,1.0,1.0,1.0,0.5
788,789,Cosmog,7,Psychic,,Nebula Pokémon,1,29,29,31,31,43,37,200,0.2,0.1,,45,1250000,2.0,2.0,1.0,1.0,1.0,0.5,1.0,1.0,2.0,1.0,1.0,1.0,1.0,1.0,0.5,1.0,1.0,1.0
789,790,Cosmoem,7,Psychic,,Protostar Pokémon,1,29,29,131,131,43,37,400,0.1,999.9,,45,1250000,2.0,2.0,1.0,1.0,1.0,0.5,1.0,1.0,2.0,1.0,1.0,1.0,1.0,1.0,0.5,1.0,1.0,1.0
795,796,Xurkitree,7,Electric,,Glowing Pokémon,1,89,173,71,71,83,83,570,3.8,100.0,,30,1250000,1.0,1.0,1.0,0.5,1.0,1.0,1.0,0.5,1.0,1.0,2.0,1.0,1.0,1.0,1.0,1.0,0.5,1.0
799,800,Necrozma,7,Psychic,,Prism Pokémon,1,107,127,101,89,97,79,600,2.4,230.0,,3,1250000,2.0,2.0,1.0,1.0,1.0,0.5,1.0,1.0,2.0,1.0,1.0,1.0,1.0,1.0,0.5,1.0,1.0,1.0
